# Blender 5.0.0
# www.blender.org
mtllib torusknot.mtl
o TorusKnot.002
v -0.057068 0.162767 -0.016543
v -0.147694 0.175714 -0.100419
v -0.225418 0.273956 -0.139042
v -0.244711 0.399946 -0.109789
v -0.194272 0.479879 -0.029794
v -0.103647 0.466932 0.054081
v -0.025922 0.368690 0.092705
v -0.006629 0.242700 0.063451
v -0.156160 0.123860 0.068690
v -0.248981 0.136484 -0.013171
v -0.333972 0.231553 -0.044679
v -0.361345 0.353377 -0.007378
v -0.315066 0.430594 0.076883
v -0.222245 0.417970 0.158744
v -0.137255 0.322901 0.190252
v -0.109881 0.201076 0.152950
v -0.249083 0.073244 0.148322
v -0.343528 0.087568 0.068210
v -0.434862 0.179433 0.044958
v -0.469583 0.295023 0.092184
v -0.427351 0.366630 0.182226
v -0.332906 0.352305 0.262337
v -0.241572 0.260441 0.285590
v -0.206851 0.144850 0.238363
v -0.333978 0.012916 0.217309
v -0.430156 0.031313 0.139497
v -0.527256 0.119518 0.126433
v -0.568400 0.225859 0.185771
v -0.529484 0.288045 0.282749
v -0.433307 0.269648 0.360561
v -0.336206 0.181444 0.373625
v -0.295063 0.075102 0.314288
v -0.408737 -0.053788 0.272072
v -0.507259 -0.029735 0.197854
v -0.610083 0.052890 0.197070
v -0.656976 0.145687 0.270178
v -0.620469 0.194296 0.374353
v -0.521948 0.170242 0.448571
v -0.419124 0.087617 0.449355
v -0.372230 -0.005179 0.376247
v -0.471393 -0.122739 0.311173
v -0.573047 -0.093218 0.242063
v -0.681996 -0.020221 0.254692
v -0.734418 0.053491 0.341662
v -0.699606 0.084738 0.452027
v -0.597952 0.055217 0.521137
v -0.489003 -0.017780 0.508508
v -0.436580 -0.091491 0.421537
v -0.520826 -0.190362 0.335479
v -0.626184 -0.157552 0.272313
v -0.741582 -0.099947 0.297270
v -0.799420 -0.051291 0.395729
v -0.765817 -0.040085 0.510015
v -0.660458 -0.072895 0.573180
v -0.545061 -0.130501 0.548224
v -0.487223 -0.179157 0.449764
v -0.557336 -0.255277 0.347280
v -0.666380 -0.222481 0.289509
v -0.787633 -0.185939 0.322885
v -0.850067 -0.167057 0.427858
v -0.817111 -0.176895 0.542937
v -0.708067 -0.209690 0.600708
v -0.586814 -0.246232 0.567332
v -0.524379 -0.265114 0.462358
v -0.582208 -0.318859 0.348446
v -0.694178 -0.289052 0.294207
v -0.819296 -0.276809 0.330122
v -0.884270 -0.289301 0.435150
v -0.851039 -0.319212 0.547769
v -0.739069 -0.349019 0.602009
v -0.613951 -0.361263 0.566095
v -0.548977 -0.348770 0.461066
v -0.596381 -0.383507 0.339038
v -0.710023 -0.358379 0.285965
v -0.836080 -0.370149 0.318529
v -0.900708 -0.411922 0.417655
v -0.866050 -0.459228 0.525276
v -0.752407 -0.484356 0.578350
v -0.626351 -0.472586 0.545786
v -0.561722 -0.430813 0.446659
v -0.599771 -0.449936 0.317966
v -0.713747 -0.429982 0.263956
v -0.837815 -0.462929 0.288830
v -0.899298 -0.529476 0.378019
v -0.862180 -0.590642 0.479276
v -0.748204 -0.610596 0.533287
v -0.624136 -0.577649 0.508413
v -0.562653 -0.511102 0.419224
v -0.591879 -0.516282 0.284830
v -0.704966 -0.501395 0.228267
v -0.824616 -0.551884 0.242857
v -0.880739 -0.638172 0.320055
v -0.840459 -0.709714 0.414639
v -0.727372 -0.724601 0.471202
v -0.607723 -0.674112 0.456612
v -0.551599 -0.587824 0.379414
v -0.572639 -0.579130 0.240944
v -0.683674 -0.569057 0.180531
v -0.796862 -0.633793 0.183347
v -0.845901 -0.735416 0.247742
v -0.802063 -0.814396 0.335993
v -0.691028 -0.824468 0.396406
v -0.577840 -0.759732 0.393590
v -0.528802 -0.658110 0.329196
v -0.542814 -0.634826 0.189203
v -0.650504 -0.629318 0.123735
v -0.755184 -0.705635 0.113699
v -0.795534 -0.819072 0.164975
v -0.747916 -0.903179 0.247525
v -0.640225 -0.908687 0.312994
v -0.535545 -0.832370 0.323029
v -0.495196 -0.718933 0.271754
v -0.504017 -0.680279 0.133454
v -0.606739 -0.679031 0.061672
v -0.700436 -0.764677 0.037726
v -0.730222 -0.887046 0.075643
v -0.678648 -0.974455 0.153211
v -0.575925 -0.975703 0.224993
v -0.482228 -0.890058 0.248940
v -0.452443 -0.767689 0.211023
v -0.458602 -0.713365 0.077762
v -0.554210 -0.715860 -0.001641
v -0.633671 -0.808539 -0.040577
v -0.650437 -0.937111 -0.016237
v -0.594687 -1.026261 0.057119
v -0.499079 -1.023766 0.136523
v -0.419619 -0.931087 0.175458
v -0.402853 -0.802515 0.151119
v -0.409338 -0.733131 0.025615
v -0.495058 -0.738418 -0.062585
v -0.556107 -0.835234 -0.117236
v -0.556722 -0.966868 -0.106324
v -0.496544 -1.056208 -0.036241
v -0.410825 -1.050921 0.051959
v -0.349776 -0.954104 0.106609
v -0.349161 -0.822471 0.095697
v -0.358654 -0.739681 -0.020902
v -0.431204 -0.746185 -0.118540
v -0.469123 -0.843202 -0.188455
v -0.450199 -0.973899 -0.189691
v -0.385516 -1.061716 -0.121525
v -0.312966 -1.055211 -0.023887
v -0.275047 -0.958195 0.046028
v -0.293972 -0.827498 0.047264
v -0.307455 -0.733366 -0.061480
v -0.363563 -0.738944 -0.168135
v -0.374312 -0.831333 -0.250710
v -0.333405 -0.956414 -0.260832
v -0.264805 -1.040915 -0.192572
v -0.208696 -1.035337 -0.085917
v -0.197947 -0.942948 -0.003342
v -0.238854 -0.817867 0.006780
v -0.254501 -0.713431 -0.096658
v -0.291746 -0.715821 -0.210565
v -0.273654 -0.799007 -0.300806
v -0.210824 -0.914260 -0.314520
v -0.140060 -0.994066 -0.243673
v -0.102814 -0.991676 -0.129766
v -0.120906 -0.908490 -0.039525
v -0.183736 -0.793237 -0.025811
v -0.197655 -0.677596 -0.125878
v -0.215178 -0.675032 -0.244238
v -0.169828 -0.746143 -0.335999
v -0.088171 -0.849274 -0.347407
v -0.018040 -0.924011 -0.271781
v -0.000517 -0.926575 -0.153421
v -0.045867 -0.855464 -0.061661
v -0.127524 -0.752333 -0.050252
v -0.136174 -0.623577 -0.146568
v -0.134923 -0.615019 -0.266331
v -0.066468 -0.673298 -0.354317
v 0.029094 -0.764275 -0.358984
v 0.095781 -0.834656 -0.277599
v 0.094531 -0.843215 -0.157835
v 0.026075 -0.784936 -0.069850
v -0.069486 -0.693959 -0.065183
v -0.071728 -0.550882 -0.155295
v -0.054312 -0.535807 -0.273951
v 0.032007 -0.581776 -0.355084
v 0.136665 -0.661860 -0.351168
v 0.198356 -0.729149 -0.264497
v 0.180941 -0.744224 -0.145842
v 0.094621 -0.698255 -0.064709
v -0.010037 -0.618170 -0.068625
v -0.007731 -0.461128 -0.149624
v 0.022063 -0.439291 -0.265689
v 0.121171 -0.473700 -0.339249
v 0.231536 -0.544199 -0.327215
v 0.288507 -0.609490 -0.236636
v 0.258713 -0.631327 -0.120571
v 0.159605 -0.596917 -0.047011
v 0.049240 -0.526419 -0.059045
v 0.051911 -0.357243 -0.129259
v 0.089891 -0.328670 -0.242329
v 0.197562 -0.351982 -0.309207
v 0.311850 -0.413524 -0.290716
v 0.365808 -0.477244 -0.197688
v 0.327828 -0.505818 -0.084617
v 0.220157 -0.482506 -0.017740
v 0.105869 -0.420964 -0.036231
v 0.103773 -0.242581 -0.096174
v 0.146176 -0.207726 -0.206604
v 0.259212 -0.220154 -0.268254
v 0.376667 -0.272584 -0.245012
v 0.429736 -0.334303 -0.150491
v 0.387333 -0.369157 -0.040062
v 0.274297 -0.356730 0.021589
v 0.156842 -0.304300 -0.001654
v 0.145274 -0.120411 -0.054105
v 0.189467 -0.080295 -0.162549
v 0.305645 -0.082082 -0.220110
v 0.425753 -0.124724 -0.193068
v 0.479433 -0.183242 -0.097263
v 0.435241 -0.223357 0.011182
v 0.319063 -0.221571 0.068742
v 0.198955 -0.178929 0.041700
v 0.174619 0.006149 -0.007818
v 0.219535 0.050009 -0.114864
v 0.337508 0.058400 -0.168619
v 0.459431 0.026406 -0.137594
v 0.513882 -0.027230 -0.039964
v 0.468966 -0.071089 0.067081
v 0.350993 -0.079480 0.120836
v 0.229071 -0.047487 0.089812
v 0.190684 0.133874 0.037607
v 0.236896 0.179790 -0.068297
v 0.356041 0.197795 -0.117502
v 0.478326 0.177341 -0.081186
v 0.532119 0.130411 0.019378
v 0.485907 0.084495 0.125282
v 0.366762 0.066491 0.174487
v 0.244476 0.086944 0.138171
v 0.193147 0.259082 0.077481
v 0.242458 0.305682 -0.027033
v 0.362481 0.333087 -0.070057
v 0.482908 0.325242 -0.026389
v 0.533194 0.286743 0.078392
v 0.483882 0.240142 0.182906
v 0.363859 0.212738 0.225930
v 0.243433 0.220583 0.182262
v 0.182766 0.377507 0.108209
v 0.237349 0.424223 0.005912
v 0.357547 0.461738 -0.028887
v 0.472950 0.468076 0.024197
v 0.515955 0.439525 0.134069
v 0.461372 0.392808 0.236366
v 0.341174 0.355293 0.271165
v 0.225772 0.348955 0.218081
v 0.161485 0.484684 0.127942
v 0.222751 0.532040 0.029074
v 0.341123 0.581628 0.004099
v 0.447260 0.604399 0.067648
v 0.478987 0.587015 0.182493
v 0.417720 0.539658 0.281361
v 0.299349 0.490070 0.306336
v 0.193212 0.467299 0.242788
v 0.132007 0.576947 0.136908
v 0.199684 0.626437 0.042484
v 0.312374 0.690927 0.027374
v 0.404063 0.732639 0.100428
v 0.421042 0.727139 0.218853
v 0.353365 0.677649 0.313277
v 0.240675 0.613160 0.328387
v 0.148986 0.571448 0.255333
v 0.096789 0.652754 0.136933
v 0.168762 0.706152 0.047048
v 0.270407 0.787897 0.039470
v 0.342180 0.850101 0.118638
v 0.342038 0.856328 0.238176
v 0.270065 0.802929 0.328061
v 0.168421 0.721185 0.335640
v 0.096648 0.658980 0.256472
v 0.056780 0.713255 0.130053
v 0.129903 0.771633 0.043590
v 0.215107 0.870741 0.039073
v 0.262479 0.952523 0.119147
v 0.244270 0.969072 0.236907
v 0.171147 0.910695 0.323369
v 0.085943 0.811587 0.327886
v 0.038571 0.729805 0.247812
v 0.010968 0.760942 0.116975
v 0.082318 0.824082 0.032059
v 0.147551 0.937650 0.025457
v 0.168455 1.035120 0.101035
v 0.132783 1.059394 0.214522
v 0.061433 0.996255 0.299437
v -0.003800 0.882686 0.306040
v -0.024704 0.785217 0.230462
v -0.042237 0.797166 0.096901
v 0.025414 0.863838 0.011664
v 0.069875 0.987005 -0.001148
v 0.065102 1.094520 0.065971
v 0.013891 1.123400 0.173703
v -0.053759 1.056729 0.258940
v -0.098221 0.933562 0.271751
v -0.093448 0.826047 0.204633
v -0.102945 0.821245 0.068950
v -0.039991 0.889863 -0.018035
v -0.015106 1.017572 -0.039467
v -0.042869 1.129561 0.017211
v -0.107015 1.160229 0.118795
v -0.169969 1.091611 0.205781
v -0.194853 0.963902 0.227212
v -0.167091 0.851913 0.170535
v -0.169132 0.831630 0.033543
v -0.111408 0.900657 -0.056199
v -0.104233 1.028617 -0.087312
v -0.151810 1.140554 -0.041573
v -0.226269 1.170897 0.054227
v -0.283994 1.101872 0.143968
v -0.291169 0.973911 0.175082
v -0.243592 0.861974 0.129342
v -0.237373 0.827329 -0.007358
v -0.185329 0.895268 -0.100635
v -0.194233 1.019930 -0.141809
v -0.258870 1.128291 -0.106762
v -0.341376 1.156875 -0.016023
v -0.393420 1.088936 0.077254
v -0.384516 0.964274 0.118428
v -0.319880 0.855913 0.083381
v -0.303780 0.808539 -0.050751
v -0.257954 0.873741 -0.148252
v -0.281869 0.991797 -0.199625
v -0.361517 1.093552 -0.174777
v -0.450241 1.119399 -0.088262
v -0.496068 1.054197 0.009239
v -0.472152 0.936141 0.060612
v -0.392504 0.834387 0.035763
v -0.364641 0.776722 -0.093277
v -0.325678 0.837137 -0.195620
v -0.364041 0.944940 -0.257204
v -0.457259 1.036980 -0.241954
v -0.550725 1.059341 -0.158802
v -0.589688 0.998925 -0.056458
v -0.551325 0.891122 0.005126
v -0.458107 0.799083 -0.010125
v -0.416862 0.734384 -0.131889
v -0.385425 0.787351 -0.239505
v -0.437872 0.880446 -0.310969
v -0.543479 0.959137 -0.304420
v -0.640384 0.977327 -0.223694
v -0.671821 0.924361 -0.116079
v -0.619374 0.831265 -0.044614
v -0.513767 0.752575 -0.051163
v -0.458361 0.684526 -0.164505
v -0.434936 0.726692 -0.277359
v -0.500769 0.799708 -0.357495
v -0.617296 0.860802 -0.357970
v -0.716256 0.874187 -0.278505
v -0.739681 0.832022 -0.165650
v -0.673848 0.759006 -0.085515
v -0.557321 0.697911 -0.085040
v -0.488314 0.629473 -0.190397
v -0.472933 0.657079 -0.307625
v -0.550464 0.704398 -0.393643
v -0.675490 0.743713 -0.398064
v -0.774773 0.751993 -0.318298
v -0.790154 0.724387 -0.201071
v -0.712623 0.677067 -0.115052
v -0.587597 0.637752 -0.110631
v -0.506764 0.569391 -0.209782
v -0.498808 0.579056 -0.329431
v -0.585002 0.596536 -0.416663
v -0.714855 0.611593 -0.420377
v -0.812302 0.615405 -0.338399
v -0.820258 0.605741 -0.218750
v -0.734064 0.588260 -0.131518
v -0.604210 0.573204 -0.127803
v -0.513425 0.502049 -0.222371
v -0.511705 0.491786 -0.341618
v -0.602677 0.478669 -0.424325
v -0.733050 0.470382 -0.422044
v -0.826454 0.471779 -0.336110
v -0.828174 0.482041 -0.216862
v -0.737202 0.495158 -0.134155
v -0.606829 0.503446 -0.136437
v -0.506862 0.425037 -0.226221
v -0.509874 0.394826 -0.342070
v -0.601959 0.354124 -0.415197
v -0.729173 0.326772 -0.402765
v -0.816996 0.328794 -0.312056
v -0.813984 0.359005 -0.196206
v -0.721900 0.399708 -0.123079
v -0.594686 0.427059 -0.135511
v -0.485154 0.338469 -0.218336
v -0.491167 0.290104 -0.328441
v -0.581553 0.227060 -0.389086
v -0.703364 0.186267 -0.364745
v -0.785247 0.191622 -0.269678
v -0.779234 0.239987 -0.159573
v -0.688848 0.303031 -0.098928
v -0.567036 0.343824 -0.123269
v -0.447090 0.245473 -0.196389
v -0.454103 0.181993 -0.299625
v -0.540717 0.102049 -0.347402
v -0.656197 0.052471 -0.311733
v -0.732896 0.062301 -0.213513
v -0.725884 0.125780 -0.110277
v -0.639269 0.205725 -0.062500
v -0.523789 0.255302 -0.098169
v -0.392654 0.150738 -0.160011
v -0.398553 0.075745 -0.256609
v -0.479744 -0.016729 -0.293044
v -0.588667 -0.072514 -0.247973
v -0.661517 -0.058931 -0.147798
v -0.655618 0.016062 -0.051200
v -0.574426 0.108536 -0.014766
v -0.465503 0.164321 -0.059836
v -0.322869 0.058813 -0.111094
v -0.325859 -0.024152 -0.202293
v -0.400260 -0.126131 -0.229782
v -0.502491 -0.187386 -0.177457
v -0.572664 -0.172034 -0.075972
v -0.569674 -0.089070 0.015227
v -0.495272 0.012909 0.042716
v -0.393042 0.074164 -0.009609
v -0.239463 -0.026885 -0.053358
v -0.238552 -0.114804 -0.140782
v -0.305151 -0.224267 -0.161606
v -0.400247 -0.291152 -0.103633
v -0.468134 -0.276278 -0.000823
v -0.469045 -0.188359 0.086600
v -0.402446 -0.078896 0.107425
v -0.307350 -0.012012 0.049452
v -0.144583 -0.104197 0.008320
v -0.139897 -0.194917 -0.076724
v -0.198162 -0.310399 -0.092365
v -0.285250 -0.382995 -0.029441
v -0.350143 -0.370180 0.075188
v -0.354829 -0.279460 0.160231
v -0.296564 -0.163978 0.175872
v -0.209477 -0.091382 0.112948
v -0.040712 -0.171865 0.068558
v -0.033476 -0.264339 -0.014844
v -0.083364 -0.384670 -0.025630
v -0.161151 -0.462370 0.042519
v -0.221271 -0.451924 0.149682
v -0.228507 -0.359450 0.233085
v -0.178620 -0.239119 0.243871
v -0.100833 -0.161419 0.175722
v 0.069145 -0.229114 0.122110
v 0.077006 -0.323457 0.040479
v 0.035371 -0.447681 0.035383
v -0.031371 -0.529018 0.109806
v -0.084123 -0.519821 0.220153
v -0.091984 -0.425478 0.301784
v -0.050350 -0.301253 0.306880
v 0.016392 -0.219916 0.232457
v 0.181162 -0.275450 0.164565
v 0.187747 -0.372665 0.085704
v 0.154734 -0.499945 0.087930
v 0.101462 -0.582733 0.169941
v 0.059137 -0.572531 0.283695
v 0.052552 -0.475317 0.362557
v 0.085565 -0.348036 0.360330
v 0.138837 -0.265248 0.278319
v 0.290661 -0.310677 0.193102
v 0.294932 -0.412043 0.118592
v 0.272197 -0.541428 0.129780
v 0.235774 -0.623038 0.220112
v 0.206999 -0.609068 0.336673
v 0.202728 -0.507700 0.411183
v 0.225463 -0.378316 0.399995
v 0.261886 -0.296706 0.309663
v 0.392699 -0.334952 0.207071
v 0.395124 -0.441285 0.138427
v 0.386022 -0.571373 0.159034
v 0.370725 -0.649013 0.256820
v 0.358192 -0.628724 0.374504
v 0.355767 -0.522392 0.443147
v 0.364869 -0.392303 0.422540
v 0.380166 -0.314663 0.324754
v 0.483394 -0.348803 0.207971
v 0.485947 -0.459909 0.145745
v 0.494956 -0.588602 0.173870
v 0.505144 -0.659494 0.275869
v 0.510543 -0.631058 0.391994
v 0.507990 -0.519951 0.454219
v 0.498980 -0.391258 0.426095
v 0.488792 -0.320366 0.324096
v 0.561446 -0.353002 0.198400
v 0.566723 -0.467626 0.141572
v 0.597661 -0.592128 0.172573
v 0.636137 -0.653577 0.273243
v 0.659611 -0.615976 0.384611
v 0.654333 -0.501352 0.441439
v 0.623396 -0.376850 0.410438
v 0.584920 -0.315401 0.309768
v 0.628519 -0.348125 0.180192
v 0.638434 -0.464378 0.126408
v 0.692317 -0.581664 0.154006
v 0.758604 -0.631278 0.246819
v 0.798465 -0.584158 0.350480
v 0.788550 -0.467905 0.404264
v 0.734667 -0.350619 0.376666
v 0.668380 -0.301004 0.283853
v 0.687344 -0.334073 0.153160
v 0.702376 -0.450078 0.099690
v 0.776662 -0.557706 0.118111
v 0.866683 -0.593910 0.197631
v 0.919708 -0.537481 0.291669
v 0.904675 -0.421476 0.345139
v 0.830390 -0.313848 0.326718
v 0.740369 -0.277644 0.247198
v 0.738971 -0.310409 0.115965
v 0.758441 -0.424719 0.060566
v 0.848329 -0.521343 0.066112
v 0.955979 -0.543680 0.129355
v 1.018332 -0.478647 0.213247
v 0.998862 -0.364338 0.268645
v 0.908974 -0.267714 0.263099
v 0.801324 -0.245376 0.199856
v 0.782058 -0.277264 0.068213
v 0.804817 -0.388852 0.009330
v 0.905176 -0.474015 0.000402
v 1.024345 -0.482866 0.046659
v 1.092517 -0.410221 0.121004
v 1.069758 -0.298634 0.179887
v 0.969399 -0.213470 0.188815
v 0.850230 -0.204619 0.142558
v 0.814204 -0.235783 0.011550
v 0.839065 -0.343810 -0.051926
v 0.945476 -0.417361 -0.075716
v 1.071101 -0.413352 -0.045884
v 1.142352 -0.334129 0.020096
v 1.117490 -0.226102 0.083573
v 1.011079 -0.152551 0.107363
v 0.885454 -0.156560 0.077530
v 0.833403 -0.187965 -0.050637
v 0.859188 -0.291540 -0.119654
v 0.967990 -0.353128 -0.158310
v 1.096074 -0.336652 -0.143959
v 1.168411 -0.251763 -0.085009
v 1.142626 -0.148188 -0.015991
v 1.033823 -0.086600 0.022664
v 0.905739 -0.103076 0.008314
v 0.838729 -0.136342 -0.114042
v 0.864110 -0.234347 -0.189532
v 0.971966 -0.283113 -0.243083
v 1.099115 -0.254072 -0.243325
v 1.171075 -0.164237 -0.190116
v 1.145694 -0.066232 -0.114626
v 1.037838 -0.017467 -0.061075
v 0.910689 -0.046507 -0.060833
v 0.830482 -0.083714 -0.174262
v 0.853766 -0.174697 -0.257127
v 0.957102 -0.209126 -0.325621
v 1.079957 -0.166832 -0.339620
v 1.150363 -0.072591 -0.290925
v 1.127079 0.018393 -0.208060
v 1.023743 0.052822 -0.139567
v 0.900888 0.010527 -0.125567
v 0.810048 -0.032864 -0.227583
v 0.828976 -0.115001 -0.318507
v 0.923507 -0.132954 -0.401603
v 1.038266 -0.076205 -0.428194
v 1.106028 0.022002 -0.382703
v 1.087101 0.104139 -0.291778
v 0.992569 0.122091 -0.208683
v 0.877810 0.065343 -0.182092
v 0.779376 0.013919 -0.271721
v 0.791063 -0.057275 -0.370798
v 0.871660 -0.056332 -0.466979
v 0.973955 0.016195 -0.503925
v 1.038024 0.117820 -0.459991
v 1.026337 0.189014 -0.360914
v 0.945740 0.188071 -0.264732
v 0.843445 0.115544 -0.227787
v 0.739817 0.055515 -0.306129
v 0.741049 -0.002693 -0.412394
v 0.802413 0.019031 -0.518089
v 0.887962 0.107962 -0.561298
v 0.947582 0.212004 -0.516710
v 0.946350 0.270212 -0.410444
v 0.884986 0.248488 -0.304750
v 0.799437 0.159558 -0.261541
v 0.690752 0.092271 -0.331103
v 0.678749 0.048533 -0.442318
v 0.717050 0.091355 -0.551741
v 0.783221 0.195653 -0.595273
v 0.838498 0.300331 -0.547414
v 0.850502 0.344069 -0.436199
v 0.812200 0.301248 -0.326776
v 0.746029 0.196950 -0.283244
v 0.629672 0.125168 -0.345867
v 0.602943 0.096388 -0.458885
v 0.617437 0.158558 -0.565336
v 0.664662 0.275260 -0.602861
v 0.716955 0.378132 -0.549479
v 0.743684 0.406913 -0.436460
v 0.729191 0.344743 -0.330010
v 0.681966 0.228040 -0.292485
v 0.554467 0.154396 -0.347664
v 0.513121 0.139855 -0.459234
v 0.506148 0.218011 -0.557154
v 0.537632 0.343080 -0.584065
v 0.589131 0.441800 -0.524202
v 0.630477 0.456341 -0.412632
v 0.637450 0.378185 -0.314712
v 0.605966 0.253115 -0.287801
v 0.465642 0.178816 -0.333038
v 0.411022 0.176521 -0.440553
v 0.386415 0.266541 -0.526843
v 0.406237 0.396142 -0.541361
v 0.458875 0.489407 -0.475603
v 0.513495 0.491702 -0.368089
v 0.538102 0.401683 -0.281799
v 0.518280 0.272081 -0.267280
v 0.366348 0.196437 -0.299803
v 0.300436 0.203281 -0.401759
v 0.261779 0.300977 -0.475809
v 0.273023 0.432297 -0.478573
v 0.327582 0.520316 -0.408434
v 0.393494 0.513473 -0.306478
v 0.432151 0.415776 -0.232429
v 0.420907 0.284456 -0.229664
v 0.260894 0.205117 -0.248141
v 0.185841 0.217431 -0.344233
v 0.135622 0.319021 -0.407119
v 0.139654 0.450376 -0.399961
v 0.195576 0.534550 -0.326952
v 0.270629 0.522236 -0.230860
v 0.320848 0.420646 -0.167973
v 0.316816 0.289291 -0.175131
v 0.153302 0.203084 -0.180621
v 0.071200 0.217464 -0.271485
v 0.010880 0.319858 -0.324954
v 0.007678 0.450286 -0.309705
v 0.063469 0.532345 -0.234671
v 0.145571 0.517966 -0.143807
v 0.205890 0.415571 -0.090338
v 0.209092 0.285143 -0.105587
v 0.046615 0.189168 -0.101609
v -0.040591 0.203243 -0.188382
v -0.110061 0.304210 -0.234000
v -0.121100 0.432923 -0.211741
v -0.067242 0.513985 -0.134644
v 0.019965 0.499910 -0.047871
v 0.089435 0.398943 -0.002253
v 0.100473 0.270229 -0.024511
vn 0.1225 -0.9505 -0.2855
vn 0.1278 -0.9499 -0.2852
vn 0.1280 -0.9500 -0.2849
vn -0.3883 -0.5852 -0.7119
vn -0.3868 -0.5859 -0.7121
vn -0.3866 -0.5859 -0.7122
vn -0.6697 0.0691 -0.7394
vn -0.5962 0.7274 -0.3398
vn -0.5951 0.7245 -0.3477
vn -0.5951 0.7242 -0.3484
vn -0.1337 0.9473 0.2912
vn -0.1291 0.9477 0.2920
vn -0.1341 0.9472 0.2911
vn 0.3851 0.5851 0.7137
vn 0.3882 0.5838 0.7131
vn 0.3848 0.5851 0.7138
vn 0.6712 -0.0712 0.7379
vn 0.6740 -0.0734 0.7351
vn 0.6692 -0.0693 0.7398
vn 0.5894 -0.7264 0.3535
vn 0.5914 -0.7295 0.3437
vn 0.5895 -0.7261 0.3539
vn 0.1912 -0.9140 -0.3578
vn -0.3524 -0.5628 -0.7477
vn -0.6815 0.0700 -0.7285
vn -0.6824 0.0695 -0.7277
vn -0.6753 0.0730 -0.7340
vn -0.6472 0.7048 -0.2905
vn -0.1886 0.9157 0.3550
vn 0.3496 0.5612 0.7502
vn 0.6818 -0.0698 0.7282
vn 0.6809 -0.0703 0.7290
vn 0.6404 -0.7082 0.2972
vn 0.2482 -0.8597 -0.4464
vn -0.3180 -0.5173 -0.7946
vn -0.6908 0.0858 -0.7180
vn -0.6899 0.0864 -0.7188
vn -0.6972 0.0815 -0.7122
vn -0.6915 0.6873 -0.2222
vn -0.2384 0.8677 0.4362
vn 0.3137 0.5140 0.7984
vn 0.6886 -0.0873 0.7199
vn 0.6817 -0.6939 0.2321
vn 0.2950 -0.7817 -0.5495
vn -0.2897 -0.4444 -0.8477
vn -0.6992 0.1225 -0.7043
vn -0.7323 0.6677 -0.1343
vn -0.2811 0.7962 0.5357
vn 0.3078 0.4620 0.8318
vn 0.6968 -0.1246 0.7064
vn 0.7573 -0.6439 0.1090
vn 0.3316 -0.6751 -0.6590
vn -0.2706 -0.3453 -0.8986
vn -0.7162 0.1712 -0.6766
vn -0.7744 0.6322 -0.0236
vn -0.3198 0.6908 0.6485
vn 0.2884 0.3673 0.8843
vn 0.7127 -0.1750 0.6793
vn 0.8013 -0.5983 -0.0016
vn 0.3615 -0.5380 -0.7615
vn -0.2604 -0.2263 -0.9386
vn -0.7433 0.2177 -0.6325
vn -0.8215 0.5613 0.1002
vn -0.3586 0.5430 0.7594
vn 0.2722 0.2452 0.9305
vn 0.7398 -0.2229 0.6349
vn 0.8431 -0.5248 -0.1173
vn 0.3893 -0.3721 -0.8426
vn -0.2560 -0.0962 -0.9619
vn -0.7784 0.2446 -0.5781
vn -0.8720 0.4407 0.2132
vn -0.3978 0.3529 0.8469
vn 0.2447 0.0714 0.9670
vn 0.7756 -0.2504 0.5794
vn 0.8388 -0.5076 -0.1969
vn 0.4178 -0.1798 -0.8906
vn -0.2545 0.0381 -0.9663
vn -0.8143 0.2417 -0.5278
vn -0.9181 0.2740 0.2864
vn -0.4324 0.1334 0.8918
vn 0.2456 -0.0683 0.9670
vn 0.8126 -0.2471 0.5278
vn 0.8908 -0.3537 -0.2853
vn 0.4429 0.0333 -0.8960
vn -0.2570 0.1707 -0.9512
vn -0.2606 0.1658 -0.9511
vn -0.2562 0.1717 -0.9512
vn -0.8421 0.2120 -0.4959
vn -0.8420 0.2130 -0.4956
vn -0.8428 0.2070 -0.4969
vn -0.9494 0.0841 0.3025
vn -0.4541 -0.0936 0.8860
vn 0.2521 -0.2008 0.9466
vn 0.8414 -0.2176 0.4946
vn 0.8417 -0.2153 0.4951
vn 0.8429 -0.2061 0.4970
vn 0.9347 -0.1586 -0.3180
vn 0.4537 0.2471 -0.8562
vn 0.4503 0.2420 -0.8594
vn 0.4544 0.2482 -0.8555
vn -0.2645 0.2963 -0.9177
vn -0.2634 0.2983 -0.9174
vn -0.2647 0.2959 -0.9178
vn -0.8568 0.1734 -0.4856
vn -0.8568 0.1717 -0.4863
vn -0.8570 0.1822 -0.4821
vn -0.9591 -0.1007 0.2646
vn -0.4574 -0.3125 0.8325
vn -0.4544 -0.3096 0.8352
vn -0.4578 -0.3124 0.8324
vn 0.2657 -0.3172 0.9104
vn 0.2649 -0.3181 0.9103
vn 0.2649 -0.3182 0.9103
vn 0.8569 -0.1756 0.4847
vn 0.8569 -0.1768 0.4842
vn 0.8570 -0.1823 0.4820
vn 0.9563 0.0429 -0.2891
vn 0.4463 0.4420 -0.7781
vn 0.4469 0.4431 -0.7771
vn 0.4462 0.4418 -0.7783
vn -0.2809 0.4020 -0.8715
vn -0.2785 0.4075 -0.8697
vn -0.2813 0.4011 -0.8718
vn -0.8588 0.1280 -0.4960
vn -0.8603 0.1171 -0.4961
vn -0.8588 0.1288 -0.4959
vn -0.9464 -0.2621 0.1886
vn -0.4413 -0.4895 0.7521
vn -0.4414 -0.4895 0.7521
vn -0.4419 -0.4900 0.7515
vn 0.2828 -0.4172 0.8637
vn 0.2837 -0.4160 0.8639
vn 0.2837 -0.4158 0.8641
vn 0.8595 -0.1324 0.4937
vn 0.9513 0.2207 -0.2154
vn 0.4192 0.6033 -0.6785
vn 0.4210 0.6071 -0.6739
vn 0.4190 0.6026 -0.6792
vn -0.3038 0.4843 -0.8204
vn -0.3017 0.4910 -0.8173
vn -0.3041 0.4834 -0.8209
vn -0.8503 0.0885 -0.5189
vn -0.8505 0.0852 -0.5191
vn -0.8503 0.0889 -0.5188
vn -0.9124 -0.3989 0.0912
vn -0.9142 -0.3951 0.0904
vn -0.9142 -0.3949 0.0906
vn -0.4108 -0.6384 0.6509
vn -0.4108 -0.6384 0.6510
vn -0.4101 -0.6376 0.6521
vn 0.3059 -0.4949 0.8133
vn 0.3072 -0.4926 0.8142
vn 0.3071 -0.4923 0.8145
vn 0.8517 -0.0839 0.5172
vn 0.8516 -0.0915 0.5161
vn 0.8517 -0.0924 0.5159
vn 0.9237 0.3648 -0.1174
vn 0.3765 0.7314 -0.5686
vn 0.3782 0.7360 -0.5615
vn 0.3762 0.7307 -0.5697
vn -0.3306 0.5453 -0.7703
vn -0.3294 0.5516 -0.7663
vn -0.3306 0.5445 -0.7708
vn -0.8324 0.0517 -0.5517
vn -0.8322 0.0490 -0.5523
vn -0.8324 0.0520 -0.5518
vn -0.8634 -0.5041 -0.0192
vn -0.8648 -0.5018 -0.0196
vn -0.8649 -0.5016 -0.0193
vn -0.3641 -0.7570 0.5426
vn -0.3649 -0.7582 0.5404
vn -0.3639 -0.7570 0.5427
vn 0.3326 -0.5525 0.7643
vn 0.3338 -0.5500 0.7656
vn 0.3335 -0.5498 0.7659
vn 0.8340 -0.0487 0.5496
vn 0.8348 -0.0552 0.5478
vn 0.8349 -0.0559 0.5476
vn 0.8734 0.4870 -0.0063
vn 0.8776 0.4793 -0.0081
vn 0.8783 0.4781 -0.0084
vn 0.3195 0.8317 -0.4540
vn 0.3204 0.8361 -0.4452
vn 0.3193 0.8311 -0.4554
vn -0.3592 0.5887 -0.7242
vn -0.3587 0.5936 -0.7204
vn -0.3593 0.5882 -0.7245
vn -0.8044 0.0176 -0.5938
vn -0.8039 0.0144 -0.5946
vn -0.8045 0.0178 -0.5936
vn -0.7966 -0.5887 -0.1373
vn -0.7981 -0.5867 -0.1372
vn -0.7982 -0.5866 -0.1372
vn -0.3034 -0.8519 0.4270
vn -0.3041 -0.8529 0.4243
vn -0.3032 -0.8518 0.4271
vn 0.3615 -0.5934 0.7191
vn 0.3617 -0.5914 0.7207
vn 0.3619 -0.5912 0.7208
vn 0.8069 -0.0137 0.5905
vn 0.8088 -0.0214 0.5876
vn 0.8090 -0.0223 0.5874
vn 0.8113 0.5743 0.1089
vn 0.8162 0.5678 0.1068
vn 0.8169 0.5669 0.1063
vn 0.2470 0.9087 -0.3365
vn 0.2468 0.9122 -0.3272
vn 0.2472 0.9081 -0.3379
vn -0.3900 0.6180 -0.6827
vn -0.3900 0.6204 -0.6805
vn -0.3901 0.6177 -0.6829
vn -0.7646 -0.0140 -0.6443
vn -0.7628 -0.0186 -0.6463
vn -0.7646 -0.0135 -0.6444
vn -0.7088 -0.6549 -0.2623
vn -0.7110 -0.6523 -0.2627
vn -0.7112 -0.6523 -0.2622
vn -0.2252 -0.9249 0.3064
vn -0.2259 -0.9255 0.3041
vn -0.2255 -0.9248 0.3066
vn 0.3923 -0.6203 0.6792
vn 0.3925 -0.6193 0.6800
vn 0.3923 -0.6193 0.6801
vn 0.7727 0.0086 0.6347
vn 0.7304 0.6436 0.2287
vn 0.7376 0.6365 0.2255
vn 0.7387 0.6354 0.2249
vn 0.1556 0.9638 -0.2166
vn 0.1544 0.9657 -0.2089
vn 0.1559 0.9634 -0.2179
vn -0.4235 0.6346 -0.6464
vn -0.4229 0.6331 -0.6484
vn -0.4237 0.6348 -0.6462
vn -0.7094 -0.0407 -0.7036
vn -0.5898 -0.7056 -0.3927
vn -0.5988 -0.6981 -0.3924
vn -0.5991 -0.6978 -0.3927
vn -0.1257 -0.9754 0.1813
vn -0.1257 -0.9752 0.1820
vn 0.4253 -0.6344 0.6455
vn 0.4256 -0.6354 0.6443
vn 0.4256 -0.6355 0.6442
vn 0.7242 0.0359 0.6887
vn 0.6409 0.6853 0.3457
vn 0.0389 0.9945 -0.0971
vn 0.0383 0.9948 -0.0949
vn 0.0390 0.9945 -0.0975
vn -0.4617 0.6386 -0.6156
vn -0.6357 -0.0608 -0.7696
vn -0.4573 -0.7188 -0.5237
vn 0.0018 -0.9983 0.0586
vn 0.0012 -0.9981 0.0621
vn 0.0015 -0.9983 0.0584
vn 0.4631 -0.6388 0.6144
vn 0.6615 0.0589 0.7476
vn 0.4951 0.7177 0.4897
vn -0.1092 0.9939 0.0136
vn -0.1050 0.9945 0.0046
vn -0.1102 0.9938 0.0157
vn -0.5036 0.6259 -0.5955
vn -0.5413 -0.0705 -0.8379
vn -0.2857 -0.7100 -0.6436
vn 0.1575 -0.9862 -0.0513
vn 0.5046 -0.6258 0.5947
vn 0.5815 0.0765 0.8099
vn 0.3263 0.7178 0.6151
vn -0.2899 0.9515 0.1028
vn -0.5423 0.5941 -0.5941
vn -0.4273 -0.0668 -0.9016
vn -0.0922 -0.6700 -0.7366
vn 0.3330 -0.9344 -0.1263
vn 0.5440 -0.5935 0.5932
vn 0.4784 0.0857 0.8739
vn 0.1219 0.6817 0.7214
vn -0.4766 0.8683 0.1376
vn -0.5637 0.5479 -0.6181
vn -0.2981 -0.0491 -0.9533
vn 0.1086 -0.6044 -0.7893
vn 0.4697 -0.8724 -0.1353
vn 0.5675 -0.5456 0.6167
vn 0.2638 0.0291 0.9641
vn -0.1010 0.6089 0.7868
vn -0.6347 0.7648 0.1105
vn -0.5568 0.5005 -0.6630
vn -0.1616 -0.0188 -0.9867
vn 0.3010 -0.5238 -0.7968
vn 0.6105 -0.7847 -0.1074
vn 0.5617 -0.4961 0.6621
vn 0.1242 -0.0115 0.9922
vn -0.3124 0.5148 0.7984
vn -0.7453 0.6655 0.0398
vn -0.5235 0.4640 -0.7146
vn -0.0280 0.0218 -0.9994
vn 0.4722 -0.4375 -0.7653
vn 0.7190 -0.6938 -0.0421
vn 0.5274 -0.4595 0.7147
vn -0.0043 -0.0558 0.9984
vn -0.4902 0.4192 0.7642
vn -0.8120 0.5819 -0.0453
vn -0.4775 0.4428 -0.7589
vn 0.0911 0.0704 -0.9934
vn 0.6131 -0.3501 -0.7082
vn 0.7936 -0.6071 0.0394
vn 0.4794 -0.4400 0.7593
vn -0.1134 -0.0999 0.9885
vn -0.6275 0.3319 0.7043
vn -0.8503 0.5121 -0.1219
vn -0.4352 0.4335 -0.7891
vn 0.1856 0.1241 -0.9748
vn 0.7199 -0.2630 -0.6424
vn 0.8538 -0.5057 0.1240
vn 0.4357 -0.4325 0.7893
vn -0.1799 -0.1148 0.9770
vn -0.7268 0.2521 0.6389
vn -0.8755 0.4482 -0.1808
vn -0.4081 0.4281 -0.8063
vn 0.2501 0.1786 -0.9516
vn 0.7941 -0.1766 -0.5816
vn 0.8781 -0.4421 0.1832
vn 0.4082 -0.4279 0.8064
vn -0.2479 -0.1741 0.9530
vn -0.7949 0.1751 0.5810
vn -0.8967 0.3819 -0.2239
vn -0.8967 0.3819 -0.2240
vn -0.8968 0.3817 -0.2239
vn -0.3987 0.4181 -0.8162
vn -0.3985 0.4182 -0.8163
vn -0.3992 0.4178 -0.8162
vn 0.2904 0.2300 -0.9289
vn 0.2863 0.2286 -0.9305
vn 0.2861 0.2283 -0.9306
vn 0.8437 -0.0913 -0.5290
vn 0.8415 -0.0920 -0.5323
vn 0.8413 -0.0922 -0.5326
vn 0.8986 -0.3754 0.2270
vn 0.8987 -0.3753 0.2269
vn 0.8988 -0.3750 0.2268
vn 0.3993 -0.4172 0.8164
vn 0.3988 -0.4174 0.8165
vn 0.3994 -0.4171 0.8164
vn -0.2856 -0.2262 0.9313
vn -0.2902 -0.2279 0.9294
vn -0.2853 -0.2262 0.9314
vn -0.8383 0.1002 0.5359
vn -0.8397 0.0995 0.5339
vn -0.8382 0.1002 0.5360
vn -0.9158 0.3067 -0.2592
vn -0.9159 0.3066 -0.2592
vn -0.9156 0.3072 -0.2595
vn -0.4035 0.3947 -0.8255
vn -0.4036 0.3946 -0.8255
vn -0.4029 0.3951 -0.8256
vn 0.3030 0.2681 -0.9145
vn 0.3011 0.2673 -0.9154
vn 0.3010 0.2673 -0.9154
vn 0.8705 -0.0117 -0.4920
vn 0.8692 -0.0123 -0.4943
vn 0.8691 -0.0122 -0.4944
vn 0.9173 -0.2993 0.2626
vn 0.9173 -0.2994 0.2627
vn 0.9171 -0.2996 0.2629
vn 0.4034 -0.3935 0.8261
vn 0.4037 -0.3932 0.8261
vn 0.4033 -0.3935 0.8262
vn -0.3008 -0.2665 0.9157
vn -0.3017 -0.2668 0.9153
vn -0.3007 -0.2663 0.9158
vn -0.8681 0.0185 0.4960
vn -0.8680 0.0186 0.4961
vn -0.8672 0.0191 0.4976
vn -0.9244 0.2320 -0.3027
vn -0.9280 0.2230 -0.2984
vn -0.9281 0.2228 -0.2982
vn -0.4024 0.3619 -0.8409
vn -0.4081 0.3566 -0.8404
vn -0.4083 0.3562 -0.8405
vn 0.3070 0.2914 -0.9060
vn 0.8856 0.0612 -0.4603
vn 0.9286 -0.2148 0.3025
vn 0.9255 -0.2220 0.3068
vn 0.9289 -0.2141 0.3020
vn 0.4081 -0.3539 0.8416
vn 0.4025 -0.3585 0.8423
vn 0.4086 -0.3534 0.8415
vn -0.3103 -0.2925 0.9045
vn -0.3169 -0.2964 0.9010
vn -0.3069 -0.2908 0.9062
vn -0.8843 -0.0537 0.4637
vn -0.9282 0.1294 -0.3489
vn -0.4025 0.3011 -0.8645
vn 0.3173 0.2999 -0.8996
vn 0.3174 0.3003 -0.8995
vn 0.3171 0.2973 -0.9006
vn 0.8981 0.1280 -0.4207
vn 0.9283 -0.1369 0.3457
vn 0.4025 -0.2966 0.8660
vn -0.3173 -0.2994 0.8998
vn -0.3173 -0.2990 0.9000
vn -0.8975 -0.1177 0.4251
vn -0.9088 0.0283 -0.4162
vn -0.3749 0.2332 -0.8973
vn 0.3425 0.2982 -0.8909
vn 0.9104 0.1931 -0.3660
vn 0.9112 -0.0463 0.4093
vn 0.3775 -0.2560 0.8899
vn -0.3426 -0.2959 0.8917
vn -0.9082 -0.2236 0.3537
vn -0.8638 -0.0799 -0.4974
vn -0.3197 0.1575 -0.9344
vn 0.3861 0.2935 -0.8745
vn 0.9191 0.2659 -0.2907
vn 0.8698 0.0571 0.4902
vn 0.3266 -0.1868 0.9265
vn -0.3869 -0.2892 0.8756
vn -0.9103 -0.3081 0.2763
vn -0.7890 -0.1955 -0.5825
vn -0.2376 0.0795 -0.9681
vn 0.4429 0.2967 -0.8461
vn 0.9125 0.3580 -0.1979
vn 0.7957 0.1789 0.5787
vn 0.2480 -0.1070 0.9628
vn -0.4448 -0.2909 0.8471
vn -0.8960 -0.4030 0.1865
vn -0.6840 -0.3176 -0.6567
vn -0.1353 0.0042 -0.9908
vn 0.4988 0.3165 -0.8068
vn 0.8733 0.4761 -0.1031
vn 0.6830 0.3194 0.6569
vn 0.1238 0.0162 0.9922
vn -0.5019 -0.3106 0.8072
vn -0.8535 -0.5116 0.0986
vn -0.5513 -0.4449 -0.7058
vn -0.0217 -0.0655 -0.9976
vn 0.5369 0.3547 -0.7655
vn 0.7887 0.6139 -0.0310
vn 0.5320 0.4693 0.7048
vn 0.0032 0.0884 0.9961
vn -0.5407 -0.3498 0.7650
vn -0.8352 -0.5492 0.0276
vn -0.3921 -0.5738 -0.7190
vn 0.0973 -0.1287 -0.9869
vn 0.5466 0.4024 -0.7344
vn 0.6603 0.7510 -0.0034
vn 0.3519 0.6103 0.7097
vn -0.1210 0.1488 0.9814
vn -0.5505 -0.3991 0.7333
vn -0.7192 -0.6947 -0.0136
vn -0.2102 -0.6917 -0.6909
vn 0.2173 -0.1803 -0.9593
vn 0.2161 -0.1781 -0.9600
vn 0.2175 -0.1807 -0.9592
vn 0.5303 0.4456 -0.7213
vn 0.5302 0.4456 -0.7213
vn 0.5047 0.8629 -0.0259
vn 0.1590 0.7236 0.6716
vn -0.2422 0.1928 0.9509
vn -0.2413 0.1932 0.9510
vn -0.2410 0.1937 0.9510
vn -0.5339 -0.4436 0.7198
vn -0.5332 -0.4441 0.7201
vn -0.5298 -0.4459 0.7214
vn -0.5628 -0.8266 -0.0001
vn -0.0211 -0.7790 -0.6267
vn -0.0228 -0.7770 -0.6291
vn -0.0208 -0.7794 -0.6262
vn 0.3319 -0.2157 -0.9183
vn 0.3343 -0.2186 -0.9168
vn 0.3315 -0.2152 -0.9186
vn 0.4980 0.4750 -0.7255
vn 0.3431 0.9352 -0.0876
vn -0.0336 0.8001 0.5990
vn -0.0330 0.7980 0.6017
vn -0.0338 0.8001 0.5990
vn -0.3501 0.2210 0.9103
vn -0.3501 0.2211 0.9102
vn -0.5016 -0.4740 0.7237
vn -0.3917 -0.9181 0.0599
vn 0.1585 -0.8280 -0.5379
vn 0.1602 -0.8293 -0.5353
vn 0.1582 -0.8277 -0.5384
vn 0.4320 -0.2311 -0.8718
vn 0.4364 -0.2352 -0.8685
vn 0.4313 -0.2304 -0.8723
vn 0.4582 0.4894 -0.7420
vn 0.4549 0.4921 -0.7423
vn 0.4588 0.4891 -0.7418
vn 0.1841 0.9681 -0.1702
vn 0.1900 0.9667 -0.1716
vn 0.1902 0.9666 -0.1717
vn -0.2025 0.8348 0.5119
vn -0.2025 0.8348 0.5120
vn -0.2024 0.8348 0.5120
vn -0.4456 0.2334 0.8643
vn -0.4444 0.2319 0.8653
vn -0.4443 0.2318 0.8654
vn -0.4533 -0.4952 0.7412
vn -0.4616 -0.4897 0.7397
vn -0.4625 -0.4890 0.7396
vn -0.2291 -0.9624 0.1459
vn 0.3179 -0.8397 -0.4404
vn 0.3214 -0.8415 -0.4342
vn 0.3174 -0.8393 -0.4414
vn 0.5142 -0.2304 -0.8261
vn 0.5194 -0.2342 -0.8218
vn 0.5137 -0.2298 -0.8266
vn 0.4162 0.4905 -0.7656
vn 0.4135 0.4915 -0.7665
vn 0.4164 0.4899 -0.7659
vn 0.0474 0.9632 -0.2645
vn 0.0511 0.9629 -0.2650
vn 0.0512 0.9628 -0.2652
vn -0.3538 0.8382 0.4150
vn -0.3538 0.8382 0.4151
vn -0.3532 0.8375 0.4170
vn -0.5242 0.2308 0.8197
vn -0.5226 0.2290 0.8213
vn -0.5222 0.2290 0.8215
vn -0.4136 -0.4936 0.7650
vn -0.4200 -0.4909 0.7633
vn -0.4207 -0.4906 0.7631
vn -0.0836 -0.9669 0.2412
vn 0.4571 -0.8211 -0.3419
vn 0.4613 -0.8221 -0.3338
vn 0.4565 -0.8209 -0.3432
vn 0.5801 -0.2183 -0.7848
vn 0.5852 -0.2207 -0.7803
vn 0.5795 -0.2180 -0.7853
vn 0.3709 0.4787 -0.7958
vn 0.3683 0.4797 -0.7964
vn 0.3712 0.4787 -0.7956
vn -0.0779 0.9294 -0.3608
vn -0.0754 0.9294 -0.3613
vn -0.0752 0.9295 -0.3612
vn -0.4872 0.8126 0.3199
vn -0.4879 0.8132 0.3173
vn -0.4871 0.8126 0.3201
vn -0.5872 0.2177 0.7796
vn -0.5854 0.2161 0.7814
vn -0.5851 0.2164 0.7816
vn -0.3694 -0.4826 0.7941
vn -0.3759 -0.4810 0.7921
vn -0.3767 -0.4808 0.7918
vn 0.0554 -0.9394 0.3384
vn 0.0468 -0.9401 0.3376
vn 0.0455 -0.9402 0.3375
vn 0.5797 -0.7768 -0.2461
vn 0.5841 -0.7764 -0.2369
vn 0.5790 -0.7769 -0.2474
vn 0.6318 -0.1985 -0.7493
vn 0.6358 -0.1996 -0.7456
vn 0.6315 -0.1983 -0.7496
vn 0.3220 0.4550 -0.8302
vn 0.3183 0.4557 -0.8313
vn 0.3223 0.4550 -0.8302
vn -0.1953 0.8680 -0.4566
vn -0.1928 0.8684 -0.4569
vn -0.1925 0.8684 -0.4569
vn -0.6072 0.7623 0.2240
vn -0.6082 0.7624 0.2213
vn -0.6073 0.7622 0.2242
vn -0.6369 0.1970 0.7454
vn -0.6353 0.1965 0.7468
vn -0.6352 0.1964 0.7470
vn -0.3195 -0.4603 0.8283
vn -0.3286 -0.4596 0.8251
vn -0.3297 -0.4594 0.8248
vn 0.1722 -0.8850 0.4326
vn 0.1637 -0.8871 0.4317
vn 0.1623 -0.8873 0.4316
vn 0.6896 -0.7076 -0.1542
vn 0.6934 -0.7057 -0.1456
vn 0.6890 -0.7079 -0.1556
vn 0.6724 -0.1722 -0.7198
vn 0.6729 -0.1721 -0.7194
vn 0.6723 -0.1721 -0.7200
vn 0.2684 0.4164 -0.8686
vn 0.2687 0.4167 -0.8684
vn 0.2689 0.4163 -0.8686
vn -0.3118 0.7757 -0.5487
vn -0.3037 0.7779 -0.5501
vn -0.3035 0.7778 -0.5503
vn -0.7167 0.6849 0.1310
vn -0.7174 0.6845 0.1292
vn -0.7169 0.6847 0.1313
vn -0.6751 0.1702 0.7179
vn -0.6751 0.1702 0.7178
vn -0.6747 0.1702 0.7182
vn -0.2792 -0.4254 0.8608
vn 0.2704 -0.8092 0.5216
vn 0.7892 -0.6102 -0.0691
vn 0.7916 -0.6078 -0.0634
vn 0.7888 -0.6107 -0.0701
vn 0.7029 -0.1391 -0.6976
vn 0.6989 -0.1400 -0.7014
vn 0.7033 -0.1390 -0.6972
vn 0.2113 0.3592 -0.9090
vn -0.4083 0.6535 -0.6373
vn -0.8162 0.5759 0.0454
vn -0.8163 0.5758 0.0449
vn -0.7024 0.1377 0.6984
vn -0.7044 0.1374 0.6964
vn -0.7047 0.1373 0.6961
vn -0.2253 -0.3772 0.8983
vn 0.3714 -0.7046 0.6046
vn 0.8776 -0.4793 0.0029
vn 0.8775 -0.4796 0.0024
vn 0.8778 -0.4791 0.0032
vn 0.7235 -0.0978 -0.6834
vn 0.1510 0.2807 -0.9478
vn -0.5032 0.4931 -0.7097
vn -0.9017 0.4316 -0.0257
vn -0.9008 0.4337 -0.0206
vn -0.9018 0.4314 -0.0260
vn -0.7242 0.0965 0.6829
vn -0.1680 -0.3131 0.9347
vn 0.4827 -0.5372 0.6917
vn 0.9498 -0.3084 0.0520
vn 0.7279 -0.0503 -0.6838
vn 0.0912 0.1798 -0.9795
vn -0.5819 0.3010 -0.7555
vn -0.9647 0.2547 -0.0666
vn -0.7283 0.0491 0.6835
vn -0.1065 -0.2299 0.9674
vn 0.5702 -0.3451 0.7455
vn 0.9924 -0.1089 0.0572
vn 0.7106 -0.0068 -0.7035
vn 0.0354 0.0595 -0.9976
vn -0.6390 0.0913 -0.7638
vn -0.9961 0.0628 -0.0612
vn -0.7109 0.0040 0.7033
vn -0.0424 -0.1211 0.9917
vn 0.6365 -0.1182 0.7621
vn 0.9964 0.0846 0.0071
vn 0.6713 0.0161 -0.7410
vn -0.0128 -0.0732 -0.9972
vn -0.6734 -0.1162 -0.7301
vn -0.9977 -0.0674 -0.0086
vn -0.6708 -0.0215 0.7413
vn 0.0100 0.1168 0.9931
vn 0.6734 0.1159 0.7301
vn 0.9682 0.2349 -0.0864
vn 0.6196 0.0085 -0.7849
vn -0.0506 -0.2088 -0.9766
vn -0.6877 -0.3046 -0.6590
vn -0.9763 -0.2019 0.0780
vn -0.6178 -0.0148 0.7862
vn 0.0396 0.2549 0.9662
vn 0.6835 0.3233 0.6545
vn 0.9229 0.3315 -0.1960
vn 0.5686 -0.0242 -0.8223
vn -0.0746 -0.3373 -0.9384
vn -0.6839 -0.4641 -0.5629
vn -0.9364 -0.2997 0.1828
vn -0.5665 0.0198 0.8238
vn 0.0588 0.3761 0.9247
vn 0.6752 0.4870 0.5541
vn 0.8727 0.3873 -0.2974
vn 0.5283 -0.0665 -0.8465
vn -0.0819 -0.4492 -0.8897
vn -0.6629 -0.5920 -0.4584
vn -0.8855 -0.3666 0.2855
vn -0.5270 0.0646 0.8474
vn 0.0668 0.4754 0.8772
vn 0.6539 0.6084 0.4497
vn 0.8230 0.4232 -0.3788
vn 0.5017 -0.1020 -0.8590
vn -0.0720 -0.5380 -0.8399
vn -0.6258 -0.6913 -0.3613
vn -0.8190 -0.4280 0.3823
vn -0.5013 0.1016 0.8593
vn 0.0768 0.5316 0.8435
vn 0.6209 0.6979 0.3569
vn 0.7751 0.4521 -0.4413
vn 0.7738 0.4559 -0.4398
vn 0.7734 0.4561 -0.4403
vn 0.4848 -0.1304 -0.8649
vn 0.4850 -0.1210 -0.8661
vn 0.4851 -0.1205 -0.8661
vn -0.0482 -0.6010 -0.7978
vn -0.5763 -0.7714 -0.2698
vn -0.5756 -0.7679 -0.2809
vn -0.5756 -0.7676 -0.2819
vn -0.7692 -0.4596 0.4439
vn -0.7720 -0.4526 0.4463
vn -0.7689 -0.4602 0.4439
vn -0.4850 0.1209 0.8661
vn -0.4850 0.1300 0.8648
vn -0.4849 0.1203 0.8663
vn 0.0507 0.5984 0.7996
vn 0.5764 0.7668 0.2826
vn 0.7193 0.4941 -0.4884
vn 0.7192 0.4941 -0.4884
vn 0.7196 0.4933 -0.4886
vn 0.4703 -0.1194 -0.8744
vn 0.4703 -0.1193 -0.8744
vn 0.4704 -0.1198 -0.8743
vn -0.0182 -0.6420 -0.7665
vn -0.0179 -0.6402 -0.7680
vn -0.0181 -0.6400 -0.7681
vn -0.5171 -0.8273 -0.2196
vn -0.5171 -0.8267 -0.2217
vn -0.5171 -0.8267 -0.2218
vn -0.7141 -0.4975 0.4925
vn -0.7140 -0.4977 0.4925
vn -0.7142 -0.4972 0.4926
vn -0.4696 0.1188 0.8749
vn -0.4696 0.1189 0.8748
vn -0.4696 0.1193 0.8748
vn 0.0193 0.6391 0.7689
vn 0.0194 0.6401 0.7680
vn 0.0193 0.6390 0.7690
vn 0.5226 0.8225 0.2247
vn 0.5226 0.8224 0.2248
vn 0.5227 0.8220 0.2262
vn 0.6570 0.5330 -0.5331
vn 0.6571 0.5329 -0.5331
vn 0.6567 0.5336 -0.5330
vn 0.4476 -0.1057 -0.8880
vn 0.4476 -0.1058 -0.8880
vn 0.4475 -0.1055 -0.8880
vn 0.0087 -0.6640 -0.7476
vn 0.0087 -0.6611 -0.7502
vn 0.0087 -0.6609 -0.7504
vn -0.4556 -0.8736 -0.1708
vn -0.4559 -0.8725 -0.1755
vn -0.4560 -0.8724 -0.1760
vn -0.6500 -0.5372 0.5375
vn -0.6507 -0.5361 0.5378
vn -0.6501 -0.5373 0.5373
vn -0.4459 0.1050 0.8889
vn -0.4459 0.1049 0.8889
vn -0.4459 0.1046 0.8890
vn -0.0079 0.6607 0.7506
vn -0.0078 0.6638 0.7478
vn -0.0081 0.6605 0.7508
vn 0.4618 0.8686 0.1795
vn 0.4613 0.8701 0.1738
vn 0.4616 0.8687 0.1799
vn 0.5805 0.5699 -0.5816
vn 0.4081 -0.0877 -0.9087
vn 0.0234 -0.6723 -0.7399
vn -0.3968 -0.9081 -0.1341
vn -0.5808 -0.5698 0.5814
vn -0.4052 0.0864 0.9101
vn -0.0229 0.6721 0.7402
vn 0.4038 0.9043 0.1384
vn 0.4881 0.5940 -0.6395
vn 0.3470 -0.0780 -0.9346
vn 0.0216 -0.6846 -0.7286
vn 0.0212 -0.6843 -0.7289
vn 0.0245 -0.6858 -0.7274
vn -0.3404 -0.9365 -0.0847
vn -0.4987 -0.5905 0.6345
vn -0.3421 0.0762 0.9366
vn -0.0200 0.6838 0.7294
vn -0.0206 0.6841 0.7291
vn -0.0243 0.6857 0.7275
vn 0.3513 0.9319 0.0903
vn 0.3768 0.5988 -0.7067
vn 0.2635 -0.0852 -0.9609
vn 0.0037 -0.7050 -0.7092
vn -0.2810 -0.9595 -0.0185
vn -0.3974 -0.5942 0.6993
vn -0.2888 0.0916 0.9530
vn -0.0009 0.7041 0.7101
vn 0.2465 0.9691 0.0048
vn 0.2445 0.5810 -0.7763
vn 0.1611 -0.1131 -0.9804
vn -0.0206 -0.7377 -0.6748
vn -0.2059 -0.9763 0.0662
vn -0.2680 -0.5779 0.7708
vn -0.1922 0.1180 0.9742
vn 0.0256 0.7366 0.6758
vn 0.1594 0.9841 -0.0786
vn 0.0910 0.5416 -0.8357
vn 0.0468 -0.1595 -0.9861
vn -0.0382 -0.7797 -0.6250
vn -0.0991 -0.9823 0.1588
vn -0.1041 -0.5411 0.8345
vn -0.0742 0.1611 0.9841
vn 0.0447 0.7790 0.6255
vn 0.0507 0.9851 -0.1644
vn -0.0806 0.4856 -0.8704
vn -0.0711 -0.2177 -0.9734
vn -0.0354 -0.8223 -0.5680
vn 0.0486 -0.9707 0.2354
vn 0.0921 -0.4849 0.8697
vn 0.0968 0.2190 0.9709
vn 0.0421 0.8224 0.5674
vn -0.0848 0.9687 -0.2333
vn -0.2662 0.4183 -0.8684
vn -0.1864 -0.2808 -0.9415
vn -0.0073 -0.8548 -0.5190
vn 0.2282 -0.9360 0.2679
vn 0.3054 -0.4116 0.8587
vn 0.2159 0.2861 0.9336
vn 0.0130 0.8557 0.5173
vn -0.1471 0.9461 -0.2884
vn -0.4586 0.3406 -0.8208
vn -0.2951 -0.3452 -0.8909
vn 0.0377 -0.8698 -0.4919
vn 0.4131 -0.8784 0.2404
vn 0.5110 -0.3246 0.7959
vn 0.3219 0.3545 0.8779
vn -0.0334 0.8713 0.4896
vn -0.3418 0.8981 -0.2768
vn -0.6391 0.2521 -0.7267
vn -0.3900 -0.4102 -0.8244
vn -0.3899 -0.4102 -0.8245
vn -0.3898 -0.4102 -0.8245
vn 0.0836 -0.8678 -0.4899
vn 0.0843 -0.8674 -0.4904
vn 0.0800 -0.8698 -0.4868
vn 0.5735 -0.8036 0.1588
vn 0.6860 -0.2294 0.6905
vn 0.4060 0.4213 0.8109
vn 0.4085 0.4211 0.8098
vn 0.4087 0.4207 0.8099
vn -0.0813 0.8692 0.4878
vn -0.0811 0.8693 0.4876
vn -0.0803 0.8697 0.4869
vn -0.5241 0.8276 -0.2010
vn -0.7845 0.1568 -0.5999
vn -0.7844 0.1567 -0.6001
vn -0.7849 0.1568 -0.5994
vn -0.4632 -0.4733 -0.7493
vn -0.4677 -0.4735 -0.7464
vn -0.4624 -0.4732 -0.7498
vn 0.1219 -0.8524 -0.5085
vn 0.6927 -0.7199 0.0432
vn 0.8184 -0.1301 0.5597
vn 0.8185 -0.1301 0.5596
vn 0.8196 -0.1308 0.5578
vn 0.4739 0.4824 0.7367
vn 0.4740 0.4824 0.7366
vn 0.4731 0.4825 0.7371
vn -0.1197 0.8544 0.5056
vn -0.6637 0.7434 -0.0829
vn -0.8871 0.0611 -0.4576
vn -0.8893 0.0612 -0.4531
vn -0.8867 0.0610 -0.4584
vn -0.5116 -0.5311 -0.6755
vn -0.5172 -0.5319 -0.6705
vn -0.5108 -0.5311 -0.6761
vn 0.1480 -0.8290 -0.5393
vn 0.1513 -0.8276 -0.5405
vn 0.1476 -0.8292 -0.5390
vn 0.7726 -0.6288 -0.0874
vn 0.7695 -0.6328 -0.0861
vn 0.7693 -0.6330 -0.0868
vn 0.9066 -0.0375 0.4202
vn 0.9066 -0.0375 0.4203
vn 0.9063 -0.0373 0.4210
vn 0.5181 0.5382 0.6648
vn 0.5161 0.5381 0.6664
vn 0.5159 0.5381 0.6665
vn -0.1543 0.8277 0.5395
vn -0.1470 0.8314 0.5359
vn -0.1461 0.8318 0.5356
vn -0.7540 0.6548 0.0516
vn -0.9482 -0.0319 -0.3160
vn -0.9508 -0.0321 -0.3083
vn -0.9479 -0.0318 -0.3171
vn -0.5391 -0.5823 -0.6085
vn -0.5440 -0.5837 -0.6027
vn -0.5385 -0.5821 -0.6092
vn 0.1632 -0.7999 -0.5776
vn 0.1651 -0.7984 -0.5791
vn 0.1627 -0.7999 -0.5777
vn 0.8110 -0.5419 -0.2204
vn 0.8095 -0.5445 -0.2194
vn 0.8093 -0.5447 -0.2199
vn 0.9582 0.0532 0.2813
vn 0.9581 0.0532 0.2814
vn 0.9574 0.0536 0.2837
vn 0.5429 0.5876 0.6000
vn 0.5408 0.5872 0.6023
vn 0.5406 0.5872 0.6024
vn -0.1673 0.7994 0.5770
vn -0.1624 0.8029 0.5736
vn -0.1618 0.8032 0.5733
vn -0.8082 0.5567 0.1920
vn -0.8035 0.5648 0.1881
vn -0.8028 0.5660 0.1874
vn -0.9761 -0.1222 -0.1800
vn -0.9777 -0.1227 -0.1705
vn -0.9758 -0.1221 -0.1814
vn -0.5512 -0.6266 -0.5510
vn -0.5549 -0.6281 -0.5455
vn -0.5506 -0.6265 -0.5516
vn 0.1684 -0.7638 -0.6231
vn 0.1703 -0.7620 -0.6248
vn 0.1681 -0.7639 -0.6230
vn 0.8200 -0.4511 -0.3523
vn 0.8200 -0.4510 -0.3524
vn 0.8189 -0.4535 -0.3518
vn 0.9783 0.1436 0.1497
vn 0.9787 0.1433 0.1468
vn 0.9782 0.1437 0.1498
vn 0.5528 0.6309 0.5444
vn 0.5512 0.6304 0.5466
vn 0.5511 0.6303 0.5468
vn -0.1730 0.7638 0.6218
vn -0.1685 0.7684 0.6174
vn -0.1680 0.7688 0.6170
vn -0.8223 0.4683 0.3232
vn -0.8196 0.4755 0.3197
vn -0.8192 0.4765 0.3191
vn -0.9758 -0.2128 -0.0507
vn -0.9760 -0.2139 -0.0406
vn -0.9758 -0.2126 -0.0521
vn -0.5512 -0.6659 -0.5028
vn -0.5530 -0.6673 -0.4989
vn -0.5509 -0.6658 -0.5032
vn 0.1637 -0.7198 -0.6746
vn 0.1657 -0.7167 -0.6774
vn 0.1631 -0.7199 -0.6747
vn 0.8016 -0.3531 -0.4824
vn 0.8008 -0.3558 -0.4818
vn 0.8007 -0.3560 -0.4818
vn 0.9716 0.2358 0.0201
vn 0.9717 0.2358 0.0174
vn 0.9715 0.2360 0.0202
vn 0.5514 0.6692 0.4982
vn 0.5507 0.6685 0.4998
vn 0.5505 0.6686 0.4999
vn -0.1701 0.7191 0.6738
vn -0.1654 0.7266 0.6668
vn -0.1649 0.7275 0.6660
vn -0.8106 0.3739 0.4507
vn -0.8089 0.3823 0.4467
vn -0.8087 0.3836 0.4460
vn -0.9488 -0.3075 0.0721
vn -0.9476 -0.3090 0.0808
vn -0.9490 -0.3072 0.0707
vn -0.5411 -0.7015 -0.4639
vn -0.5411 -0.7015 -0.4638
vn -0.5411 -0.7015 -0.4637
vn 0.1458 -0.6657 -0.7318
vn 0.7552 -0.2385 -0.6106
vn 0.7535 -0.2480 -0.6089
vn 0.7535 -0.2484 -0.6088
vn 0.9364 0.3347 -0.1060
vn 0.9364 0.3347 -0.1059
vn 0.9365 0.3347 -0.1044
vn 0.5402 0.7034 0.4619
vn 0.5402 0.7034 0.4620
vn 0.5403 0.7036 0.4615
vn -0.1514 0.6780 0.7193
vn -0.7729 0.2843 0.5673
vn -0.8925 -0.4109 0.1860
vn -0.8911 -0.4119 0.1904
vn -0.8928 -0.4107 0.1851
vn -0.5210 -0.7346 -0.4347
vn -0.5205 -0.7302 -0.4426
vn -0.5210 -0.7351 -0.4338
vn 0.1129 -0.5996 -0.7923
vn 0.6737 -0.1277 -0.7279
vn 0.8695 0.4433 -0.2176
vn 0.8695 0.4433 -0.2177
vn 0.8691 0.4433 -0.2196
vn 0.5190 0.7317 0.4419
vn 0.5200 0.7362 0.4332
vn 0.5201 0.7365 0.4325
vn -0.1265 0.6190 0.7752
vn -0.7114 0.1756 0.6805
vn -0.8016 -0.5266 0.2831
vn -0.8039 -0.5253 0.2789
vn -0.8011 -0.5269 0.2841
vn -0.4890 -0.7660 -0.4172
vn 0.0617 -0.5208 -0.8515
vn 0.5593 0.0058 -0.8290
vn 0.7651 0.5623 -0.3138
vn 0.4882 0.7669 0.4166
vn -0.0888 0.5487 0.8313
vn -0.5923 0.0253 0.8053
vn -0.6693 -0.6549 0.3510
vn -0.4465 -0.7893 -0.4215
vn -0.0087 -0.4302 -0.9027
vn 0.4146 0.1473 -0.8980
vn 0.6275 0.6859 -0.3684
vn 0.4454 0.7902 0.4210
vn -0.0350 0.4638 0.8852
vn -0.4467 -0.1237 0.8861
vn -0.5083 -0.7813 0.3621
vn -0.4033 -0.7954 -0.4524
vn -0.0954 -0.3313 -0.9387
vn 0.2529 0.2886 -0.9234
vn 0.4725 0.8016 -0.3663
vn 0.4001 0.7972 0.4520
vn 0.0415 0.3623 0.9311
vn -0.2686 -0.2796 0.9218
vn -0.3510 -0.8842 0.3082
vn -0.3744 -0.7776 -0.5051
vn -0.1925 -0.2289 -0.9542
vn 0.0916 0.4216 -0.9022
vn 0.3738 0.8739 -0.3109
vn 0.3687 0.7800 0.5057
vn 0.2349 0.2101 0.9490
vn -0.0846 -0.4247 0.9014
vn -0.2273 -0.9513 0.2082
vn -0.3686 -0.7392 -0.5637
vn -0.2926 -0.1302 -0.9473
vn -0.0556 0.5388 -0.8406
vn 0.2616 0.9399 -0.2195
vn 0.3625 0.7408 0.5655
vn 0.3370 0.1162 0.9343
vn 0.0771 -0.5461 0.8342
vn -0.1434 -0.9852 0.0939
vn -0.3823 -0.6918 -0.6126
vn -0.3889 -0.0436 -0.9203
vn -0.1826 0.6333 -0.7521
vn 0.1744 0.9786 -0.1095
vn 0.3784 0.6924 0.6144
vn 0.4260 0.0361 0.9040
vn 0.2053 -0.6387 0.7416
vn -0.0871 -0.9961 -0.0105
vn -0.4039 -0.6487 -0.6450
vn -0.4756 0.0222 -0.8794
vn -0.2899 0.6999 -0.6528
vn 0.1061 0.9944 -0.0018
vn 0.4024 0.6488 0.6459
vn 0.4632 -0.0210 0.8860
vn 0.3047 -0.7019 0.6438
vn -0.0411 -0.9946 -0.0954
vn -0.4211 -0.6187 -0.6633
vn -0.5487 0.0623 -0.8337
vn -0.3818 0.7372 -0.5575
vn 0.0355 0.9944 0.0997
vn 0.4208 0.6187 0.6635
vn 0.5430 -0.0623 0.8374
vn 0.3862 -0.7373 0.5543
vn 0.0058 -0.9865 -0.1635
vn 0.0077 -0.9865 -0.1633
vn 0.0078 -0.9866 -0.1632
vn -0.4294 -0.6005 -0.6745
vn -0.4254 -0.6028 -0.6750
vn -0.4251 -0.6029 -0.6751
vn -0.6103 0.0834 -0.7878
vn -0.6060 0.0780 -0.7916
vn -0.6056 0.0777 -0.7919
vn -0.4634 0.7524 -0.4681
vn -0.4624 0.7490 -0.4745
vn -0.4623 0.7487 -0.4751
vn -0.0131 0.9857 0.1683
vn -0.0094 0.9855 0.1691
vn -0.0133 0.9857 0.1680
vn 0.4251 0.6028 0.6752
vn 0.4290 0.6005 0.6747
vn 0.4248 0.6029 0.6754
vn 0.6034 -0.0783 0.7936
vn 0.6086 -0.0841 0.7890
vn 0.6032 -0.0780 0.7938
vn 0.4534 -0.7502 0.4812
vn 0.4554 -0.7540 0.4735
vn 0.4544 -0.7494 0.4816
vn 0.0659 -0.9726 -0.2228
vn 0.0660 -0.9726 -0.2228
vn 0.0648 -0.9727 -0.2229
vn -0.4121 -0.5959 -0.6893
vn -0.4128 -0.5957 -0.6890
vn -0.4129 -0.5955 -0.6891
vn -0.6464 0.0773 -0.7591
vn -0.6461 0.0767 -0.7594
vn -0.6455 0.0761 -0.7600
vn -0.5336 0.7423 -0.4053
vn -0.5334 0.7416 -0.4068
vn -0.5335 0.7415 -0.4070
vn -0.0708 0.9710 0.2282
vn -0.0722 0.9710 0.2280
vn -0.0706 0.9710 0.2285
vn 0.4110 0.5956 0.6902
vn 0.4104 0.5959 0.6903
vn 0.4119 0.5952 0.6900
vn 0.6451 -0.0770 0.7602
vn 0.6450 -0.0769 0.7603
vn 0.6445 -0.0763 0.7608
vn 0.5278 -0.7432 0.4112
vn 0.5277 -0.7432 0.4113
vn 0.5275 -0.7427 0.4124
vn 0.1224 -0.9506 -0.2853
vn -0.3901 -0.5845 -0.7114
vn -0.6744 0.0734 -0.7347
vn -0.5964 0.7275 -0.3392
vn -0.1287 0.9477 0.2921
vn 0.3884 0.5836 0.7131
vn 0.5917 -0.7294 0.3434
vn 0.1657 -0.9183 -0.3595
vn -0.3716 -0.5574 -0.7424
vn -0.6981 0.0810 -0.7114
vn -0.6511 0.7126 -0.2613
vn -0.1837 0.9071 0.3787
vn 0.3686 0.5552 0.7456
vn 0.6983 -0.0808 0.7112
vn 0.6475 -0.7147 0.2646
vn 0.1965 -0.8716 -0.4490
vn -0.3584 -0.5103 -0.7817
vn -0.7211 0.1033 -0.6851
vn -0.6987 0.6959 -0.1659
vn -0.2269 0.8470 0.4808
vn 0.3535 0.5057 0.7869
vn 0.7220 -0.1024 0.6842
vn 0.6963 -0.6978 0.1680
vn 0.2193 -0.8046 -0.5519
vn -0.3490 -0.4421 -0.8263
vn -0.7456 0.1371 -0.6522
vn -0.7416 0.6688 -0.0522
vn -0.2622 0.7602 0.5945
vn 0.3206 0.4070 0.8553
vn 0.7472 -0.1351 0.6507
vn 0.6980 -0.7108 0.0871
vn 0.2424 -0.7109 -0.6602
vn -0.3384 -0.3542 -0.8718
vn -0.7715 0.1735 -0.6121
vn -0.7835 0.6172 0.0724
vn -0.2950 0.6416 0.7080
vn 0.3073 0.3026 0.9022
vn 0.7735 -0.1702 0.6105
vn 0.7292 -0.6833 -0.0365
vn 0.2748 -0.5856 -0.7626
vn -0.3214 -0.2479 -0.9139
vn -0.7977 0.2017 -0.5683
vn -0.8274 0.5279 0.1915
vn -0.3313 0.4893 0.8067
vn 0.2946 0.1839 0.9378
vn 0.7994 -0.1977 0.5673
vn 0.7671 -0.6200 -0.1648
vn 0.3214 -0.4233 -0.8470
vn -0.2976 -0.1227 -0.9468
vn -0.8223 0.2134 -0.5275
vn -0.8733 0.3958 0.2840
vn -0.3723 0.3059 0.8763
vn 0.2897 0.0909 0.9528
vn 0.8233 -0.2099 0.5274
vn 0.8646 -0.4152 -0.2831
vn 0.3769 -0.2209 -0.8995
vn -0.2741 0.0190 -0.9615
vn -0.8429 0.2062 -0.4969
vn -0.9153 0.2294 0.3310
vn -0.4120 0.1001 0.9056
vn 0.2709 -0.0513 0.9612
vn 0.8432 -0.2043 0.4973
vn 0.9049 -0.2609 -0.3363
vn 0.4250 0.0105 -0.9051
vn -0.2611 0.1651 -0.9511
vn -0.8571 0.1836 -0.4814
vn -0.9442 0.0489 0.3256
vn -0.4407 -0.1123 0.8906
vn 0.2622 -0.1912 0.9459
vn 0.8570 -0.1833 0.4815
vn 0.9367 -0.0859 -0.3394
vn 0.4497 0.2410 -0.8600
vn -0.2632 0.2986 -0.9174
vn -0.8631 0.1520 -0.4816
vn -0.9535 -0.1242 0.2745
vn -0.4509 -0.3067 0.8382
vn 0.2665 -0.3161 0.9105
vn 0.8633 -0.1529 0.4810
vn 0.9514 0.0896 -0.2946
vn 0.4470 0.4433 -0.7770
vn -0.2782 0.4081 -0.8695
vn -0.8609 0.1170 -0.4951
vn -0.9417 -0.2761 0.1922
vn -0.4408 -0.4890 0.7527
vn 0.2819 -0.4186 0.8633
vn 0.8615 -0.1186 0.4938
vn 0.9447 0.2477 -0.2150
vn 0.4214 0.6076 -0.6732
vn -0.3014 0.4915 -0.8171
vn -0.8507 0.0814 -0.5193
vn -0.9106 -0.4029 0.0917
vn -0.4115 -0.6391 0.6498
vn 0.3047 -0.4974 0.8122
vn 0.8518 -0.0834 0.5171
vn 0.9177 0.3802 -0.1156
vn 0.3784 0.7366 -0.5605
vn -0.3290 0.5520 -0.7662
vn -0.8320 0.0460 -0.5528
vn -0.8619 -0.5067 -0.0191
vn -0.3659 -0.7593 0.5381
vn 0.3317 -0.5553 0.7627
vn 0.8340 -0.0482 0.5496
vn 0.8728 0.4881 -0.0062
vn 0.3205 0.8367 -0.4441
vn -0.3588 0.5939 -0.7201
vn -0.8032 0.0110 -0.5956
vn -0.7950 -0.5909 -0.1373
vn -0.3049 -0.8540 0.4215
vn 0.3611 -0.5957 0.7175
vn 0.8067 -0.0133 0.5908
vn 0.8108 0.5751 0.1090
vn 0.2469 0.9126 -0.3260
vn -0.3903 0.6204 -0.6803
vn -0.7611 -0.0234 -0.6482
vn -0.7062 -0.6576 -0.2625
vn -0.2263 -0.9262 0.3016
vn 0.3923 -0.6213 0.6783
vn 0.7669 0.0214 0.6414
vn 0.7294 0.6446 0.2291
vn 0.1542 0.9659 -0.2078
vn -0.4231 0.6328 -0.6485
vn -0.7011 -0.0557 -0.7109
vn -0.5895 -0.7056 -0.3933
vn -0.1258 -0.9755 0.1807
vn 0.4250 -0.6332 0.6469
vn 0.7101 0.0549 0.7020
vn 0.6238 0.6972 0.3532
vn 0.0381 0.9948 -0.0946
vn -0.4562 0.6307 -0.6278
vn -0.6176 -0.0820 -0.7822
vn -0.4388 -0.7300 -0.5241
vn 0.0010 -0.9978 0.0657
vn 0.4580 -0.6306 0.6266
vn 0.6303 0.0840 0.7718
vn 0.5113 0.7294 0.4545
vn -0.1044 0.9945 0.0029
vn -0.4858 0.6132 -0.6229
vn -0.5072 -0.0966 -0.8564
vn -0.2530 -0.7239 -0.6418
vn 0.1532 -0.9878 -0.0289
vn 0.4870 -0.6128 0.6223
vn 0.5220 0.1022 0.8468
vn 0.3556 0.7448 0.5646
vn -0.2692 0.9607 0.0679
vn -0.5044 0.5821 -0.6378
vn -0.3724 -0.0931 -0.9234
vn -0.0417 -0.6837 -0.7286
vn 0.3197 -0.9437 -0.0847
vn 0.5042 -0.5822 0.6378
vn 0.3855 0.1011 0.9171
vn 0.1637 0.7321 0.6612
vn -0.4393 0.8944 0.0844
vn -0.5043 0.5439 -0.6707
vn -0.2238 -0.0696 -0.9722
vn 0.1753 -0.6141 -0.7695
vn 0.5187 -0.8496 -0.0952
vn 0.5023 -0.5455 0.6710
vn 0.3077 0.1395 0.9412
vn -0.0566 0.6834 0.7279
vn -0.5889 0.8065 0.0515
vn -0.4840 0.5076 -0.7128
vn -0.0769 -0.0296 -0.9966
vn 0.3747 -0.5270 -0.7628
vn 0.6574 -0.7521 -0.0469
vn 0.4810 -0.5107 0.7126
vn 0.1477 0.1047 0.9835
vn -0.2775 0.6024 0.7484
vn -0.7014 0.7126 -0.0124
vn -0.4517 0.4797 -0.7523
vn 0.0530 0.0205 -0.9984
vn 0.5392 -0.4347 -0.7213
vn 0.7515 -0.6592 0.0265
vn 0.4491 -0.4831 0.7516
vn -0.0017 0.0467 0.9989
vn -0.4697 0.5035 0.7252
vn -0.7780 0.6228 -0.0826
vn -0.4201 0.4611 -0.7816
vn 0.1554 0.0752 -0.9850
vn 0.6627 -0.3444 -0.6650
vn 0.8090 -0.5794 0.0987
vn 0.4188 -0.4633 0.7810
vn -0.1234 -0.0238 0.9921
vn -0.6190 0.3986 0.6767
vn -0.8301 0.5391 -0.1426
vn -0.3996 0.4482 -0.7996
vn 0.2264 0.1305 -0.9653
vn 0.7487 -0.2577 -0.6108
vn 0.8347 -0.5310 0.1462
vn 0.3993 -0.4489 0.7994
vn -0.2252 -0.1279 0.9659
vn -0.7253 0.2944 0.6223
vn -0.8680 0.4595 -0.1882
vn -0.3936 0.4356 -0.8095
vn 0.2688 0.1830 -0.9456
vn 0.8060 -0.1736 -0.5659
vn 0.8709 -0.4527 0.1915
vn 0.3937 -0.4354 0.8096
vn -0.2679 -0.1806 0.9464
vn -0.7957 0.1944 0.5737
vn -0.8966 0.3820 -0.2240
vn -0.3980 0.4185 -0.8164
vn 0.2907 0.2298 -0.9288
vn 0.8439 -0.0914 -0.5287
vn 0.8985 -0.3756 0.2272
vn 0.3982 -0.4178 0.8166
vn -0.2902 -0.2281 0.9294
vn -0.8412 0.0987 0.5316
vn -0.9161 0.3062 -0.2589
vn -0.4041 0.3942 -0.8254
vn 0.3031 0.2681 -0.9145
vn 0.8706 -0.0116 -0.4919
vn 0.9175 -0.2990 0.2625
vn 0.4043 -0.3928 0.8260
vn -0.3029 -0.2673 0.9148
vn -0.8690 0.0181 0.4946
vn -0.9244 0.2322 -0.3027
vn -0.4020 0.3619 -0.8411
vn 0.3172 0.2969 -0.9007
vn 0.8922 0.0650 -0.4469
vn 0.9252 -0.2227 0.3072
vn 0.4021 -0.3589 0.8423
vn -0.8915 -0.0594 0.4491
vn -0.9184 0.1593 -0.3623
vn -0.3838 0.3218 -0.8655
vn 0.3415 0.3172 -0.8847
vn 0.9118 0.1396 -0.3863
vn 0.9177 -0.1273 0.3762
vn 0.3833 -0.3163 0.8678
vn -0.3414 -0.3179 0.8845
vn -0.9117 -0.1351 0.3879
vn -0.8945 0.0835 -0.4392
vn -0.3454 0.2740 -0.8976
vn 0.3790 0.3323 -0.8637
vn 0.9269 0.2163 -0.3066
vn 0.8875 -0.0301 0.4598
vn 0.3374 -0.2355 0.9114
vn -0.3787 -0.3341 0.8631
vn -0.9322 -0.1652 0.3219
vn -0.8496 -0.0017 -0.5273
vn -0.2878 0.2172 -0.9327
vn 0.4260 0.3466 -0.8357
vn 0.9296 0.3023 -0.2110
vn 0.8303 0.0778 0.5518
vn 0.2690 -0.1642 0.9490
vn -0.4249 -0.3497 0.8350
vn -0.9465 -0.2297 0.2267
vn -0.7819 -0.1037 -0.6148
vn -0.2147 0.1491 -0.9652
vn 0.4732 0.3644 -0.8020
vn 0.9078 0.4043 -0.1114
vn 0.7440 0.1995 0.6378
vn 0.1820 -0.0887 0.9793
vn -0.4711 -0.3682 0.8015
vn -0.9422 -0.3127 0.1206
vn -0.6894 -0.2281 -0.6875
vn -0.1284 0.0679 -0.9894
vn 0.5104 0.3879 -0.7675
vn 0.8511 0.5244 -0.0263
vn 0.6284 0.3349 0.7021
vn 0.1096 -0.0443 0.9930
vn -0.5077 -0.3911 0.7676
vn -0.9067 -0.4212 0.0209
vn -0.5672 -0.3753 -0.7331
vn -0.0267 -0.0226 -0.9994
vn 0.5301 0.4162 -0.7387
vn 0.7551 0.6551 0.0247
vn 0.4852 0.4773 0.7326
vn 0.0011 0.0445 0.9990
vn -0.5278 -0.4181 0.7393
vn -0.7711 -0.6360 -0.0299
vn -0.4088 -0.5337 -0.7403
vn 0.0908 -0.1097 -0.9898
vn 0.5303 0.4455 -0.7213
vn 0.6256 0.7796 0.0299
vn 0.3195 0.6120 0.7235
vn -0.1176 0.1248 0.9852
vn -0.5292 -0.4462 0.7217
vn -0.6516 -0.7574 -0.0428
vn -0.2201 -0.6759 -0.7034
vn 0.2159 -0.1778 -0.9601
vn 0.5138 0.4706 -0.7173
vn 0.4765 0.8792 -0.0092
vn 0.1412 0.7223 0.6770
vn -0.2380 0.1851 0.9535
vn -0.5140 -0.4706 0.7172
vn -0.5077 -0.8614 -0.0104
vn -0.0232 -0.7767 -0.6295
vn 0.3345 -0.2190 -0.9166
vn 0.4858 0.4876 -0.7254
vn 0.3236 0.9428 -0.0803
vn -0.0321 0.7959 0.6046
vn -0.4871 -0.4875 0.7247
vn -0.3546 -0.9332 0.0578
vn 0.1604 -0.8296 -0.5349
vn 0.4368 -0.2356 -0.8681
vn 0.4507 0.4951 -0.7428
vn 0.1781 0.9695 -0.1687
vn -0.4468 0.2349 0.8632
vn -0.4527 -0.4954 0.7414
vn -0.2060 -0.9675 0.1463
vn 0.3219 -0.8417 -0.4334
vn 0.5200 -0.2342 -0.8214
vn 0.4106 0.4930 -0.7671
vn 0.0436 0.9636 -0.2639
vn -0.3544 0.8388 0.4132
vn -0.5262 0.2326 0.8180
vn -0.4133 -0.4939 0.7650
vn -0.0690 -0.9678 0.2421
vn 0.4619 -0.8222 -0.3327
vn 0.5855 -0.2208 -0.7800
vn 0.3655 0.4807 -0.7971
vn -0.0807 0.9293 -0.3604
vn -0.4888 0.8138 0.3145
vn -0.5894 0.2190 0.7776
vn -0.3690 -0.4828 0.7942
vn 0.0565 -0.9393 0.3385
vn 0.5845 -0.7764 -0.2358
vn 0.6361 -0.1995 -0.7454
vn 0.3144 0.4564 -0.8324
vn -0.1983 0.8675 -0.4562
vn -0.6090 0.7625 0.2183
vn -0.6386 0.1976 0.7437
vn -0.3189 -0.4603 0.8285
vn 0.1734 -0.8847 0.4328
vn 0.6939 -0.7054 -0.1445
vn 0.6737 -0.1721 -0.7187
vn 0.2561 0.4164 -0.8724
vn -0.3119 0.7754 -0.5491
vn -0.7180 0.6844 0.1271
vn -0.6754 0.1703 0.7175
vn -0.2616 -0.4233 0.8674
vn 0.2852 -0.8030 0.5233
vn 0.7920 -0.6074 -0.0625
vn 0.6987 -0.1400 -0.7016
vn 0.1902 0.3556 -0.9151
vn -0.4219 0.6476 -0.6345
vn -0.8161 0.5760 0.0458
vn -0.6999 0.1381 0.7008
vn -0.1961 -0.3669 0.9094
vn 0.3941 -0.6901 0.6070
vn 0.8774 -0.4798 0.0021
vn 0.7092 -0.1054 -0.6971
vn 0.1183 0.2686 -0.9560
vn -0.5247 0.4802 -0.7029
vn -0.8998 0.4359 -0.0154
vn -0.7098 0.1036 0.6967
vn -0.1231 -0.2845 0.9507
vn 0.4833 -0.5739 0.6611
vn 0.9454 -0.3238 0.0367
vn 0.7020 -0.0736 -0.7084
vn 0.0460 0.1530 -0.9872
vn -0.6122 0.2772 -0.7406
vn -0.9618 0.2705 -0.0421
vn -0.7021 0.0726 0.7083
vn -0.0480 -0.1709 0.9841
vn 0.5790 -0.4059 0.7071
vn 0.9883 -0.1499 0.0272
vn 0.6759 -0.0536 -0.7350
vn -0.0184 0.0142 -0.9997
vn -0.6756 0.0548 -0.7352
vn -0.9950 0.0977 -0.0228
vn -0.6760 0.0545 0.7349
vn 0.0193 -0.0290 0.9994
vn 0.6617 -0.2005 0.7225
vn 0.9993 0.0190 -0.0309
vn 0.6352 -0.0528 -0.7705
vn -0.0677 -0.1345 -0.9886
vn -0.7107 -0.1622 -0.6845
vn -0.9930 -0.1056 0.0533
vn -0.6359 0.0559 0.7697
vn 0.0916 0.0266 0.9954
vn 0.7185 0.0265 0.6950
vn 0.9796 0.1589 -0.1233
vn 0.5893 -0.0707 -0.8048
vn -0.0983 -0.2767 -0.9559
vn -0.7190 -0.3516 -0.5995
vn -0.9602 -0.2327 0.1547
vn -0.5910 0.0747 0.8032
vn 0.1319 0.1870 0.9735
vn 0.7417 0.2429 0.6252
vn 0.9386 0.2619 -0.2248
vn 0.5484 -0.0978 -0.8305
vn -0.1097 -0.3993 -0.9102
vn -0.7050 -0.5027 -0.5002
vn -0.9134 -0.3160 0.2564
vn -0.5502 0.1008 0.8289
vn 0.1441 0.3345 0.9313
vn 0.7335 0.4253 0.5302
vn 0.8874 0.3363 -0.3153
vn 0.5182 -0.1214 -0.8466
vn -0.1030 -0.4956 -0.8624
vn -0.6739 -0.6171 -0.4064
vn -0.8643 -0.3703 0.3403
vn -0.5193 0.1228 0.8457
vn 0.1313 0.4552 0.8807
vn 0.7002 0.5683 0.4321
vn 0.8329 0.3956 -0.3872
vn 0.4987 -0.1330 -0.8565
vn -0.0816 -0.5651 -0.8210
vn -0.6298 -0.7037 -0.3290
vn -0.8278 -0.4012 0.3922
vn -0.4989 0.1332 0.8563
vn 0.0833 0.5632 0.8221
vn 0.6492 0.6772 0.3464
vn 0.7769 0.4480 -0.4424
vn 0.4850 -0.1306 -0.8647
vn -0.0509 -0.6118 -0.7894
vn -0.5763 -0.7717 -0.2689
vn -0.7720 -0.4522 0.4467
vn -0.4848 0.1304 0.8649
vn 0.0526 0.6103 0.7904
vn 0.5879 0.7596 0.2783
vn 0.7189 0.4948 -0.4882
vn 0.4703 -0.1188 -0.8745
vn -0.0184 -0.6422 -0.7664
vn -0.5171 -0.8273 -0.2194
vn -0.7137 -0.4983 0.4923
vn -0.4696 0.1184 0.8749
vn 0.0195 0.6414 0.7670
vn 0.5225 0.8229 0.2233
vn 0.6574 0.5324 -0.5333
vn 0.4476 -0.1060 -0.8879
vn 0.0086 -0.6642 -0.7475
vn -0.4556 -0.8737 -0.1705
vn -0.6508 -0.5359 0.5378
vn -0.4460 0.1052 0.8888
vn -0.0081 0.6639 0.7477
vn 0.4608 0.8704 0.1736
vn 0.5904 0.5557 -0.5853
vn 0.4118 -0.1009 -0.9057
vn 0.0249 -0.6859 -0.7273
vn -0.3939 -0.9123 -0.1123
vn -0.5723 -0.5633 0.5959
vn -0.4084 0.0996 0.9074
vn -0.0250 0.6859 0.7272
vn 0.3986 0.9099 0.1147
vn 0.5142 0.5611 -0.6487
vn 0.3599 -0.1096 -0.9265
vn 0.0290 -0.7128 -0.7007
vn -0.3301 -0.9432 -0.0382
vn -0.4776 -0.5728 0.6662
vn -0.3535 0.1079 0.9292
vn -0.0300 0.7131 0.7004
vn 0.3338 0.9418 0.0397
vn 0.4228 0.5482 -0.7216
vn 0.2906 -0.1330 -0.9475
vn 0.0243 -0.7466 -0.6648
vn -0.2571 -0.9650 0.0522
vn -0.3620 -0.5619 0.7438
vn -0.2452 0.1262 0.9612
vn -0.0266 0.7471 0.6642
vn 0.3146 0.9486 -0.0360
vn 0.3095 0.5207 -0.7957
vn 0.2040 -0.1671 -0.9646
vn 0.0177 -0.7844 -0.6200
vn -0.1644 -0.9748 0.1506
vn -0.2217 -0.5324 0.8169
vn -0.1414 0.1645 0.9762
vn -0.0215 0.7846 0.6196
vn 0.2472 0.9590 -0.1390
vn 0.1685 0.4846 -0.8583
vn 0.1000 -0.2057 -0.9735
vn 0.0171 -0.8202 -0.5718
vn -0.0423 -0.9700 0.2395
vn -0.0555 -0.4889 0.8706
vn -0.0275 0.2116 0.9770
vn -0.0216 0.8199 0.5720
vn 0.1488 0.9589 -0.2417
vn -0.0039 0.4440 -0.8960
vn -0.0207 -0.2464 -0.9689
vn 0.0277 -0.8485 -0.5285
vn 0.1107 -0.9485 0.2969
vn 0.1331 -0.4353 0.8904
vn 0.0521 0.2535 0.9659
vn -0.0315 0.8477 0.5295
vn 0.0114 0.9467 -0.3220
vn -0.2071 0.3962 -0.8945
vn -0.1529 -0.2924 -0.9440
vn 0.0500 -0.8655 -0.4984
vn 0.2832 -0.9094 0.3045
vn 0.3328 -0.3724 0.8663
vn 0.1831 0.3041 0.9349
vn -0.0522 0.8647 0.4995
vn -0.2559 0.9133 -0.3168
vn -0.4260 0.3326 -0.8414
vn -0.2819 -0.3476 -0.8943
vn 0.0796 -0.8702 -0.4863
vn 0.4532 -0.8537 0.2567
vn 0.5252 -0.2991 0.7967
vn 0.3045 0.3610 0.8815
vn -0.0802 0.8699 0.4868
vn -0.4221 0.8624 -0.2795
vn -0.6276 0.2503 -0.7372
vn 0.1097 -0.8637 -0.4919
vn 0.5981 -0.7845 0.1636
vn 0.6912 -0.2164 0.6895
vn 0.4034 0.4219 0.8119
vn -0.1094 0.8640 0.4914
vn -0.5719 0.7973 -0.1930
vn -0.7843 0.1567 -0.6002
vn -0.4682 -0.4735 -0.7461
vn 0.1356 -0.8484 -0.5118
vn 0.7060 -0.7069 0.0434
vn 0.8174 -0.1295 0.5613
vn 0.4748 0.4823 0.7362
vn -0.1350 0.8493 0.5104
vn -0.6882 0.7217 -0.0741
vn -0.8897 0.0611 -0.4525
vn -0.5176 -0.5321 -0.6701
vn 0.1551 -0.8259 -0.5420
vn 0.7759 -0.6247 -0.0879
vn 0.9070 -0.0377 0.4195
vn 0.5202 0.5382 0.6631
vn -0.1546 0.8275 0.5398
vn -0.7659 0.6403 0.0583
vn -0.9511 -0.0320 -0.3073
vn -0.5444 -0.5837 -0.6024
vn 0.1675 -0.7968 -0.5805
vn 0.8127 -0.5391 -0.2210
vn 0.9588 0.0527 0.2791
vn 0.5451 0.5879 0.5977
vn -0.1675 0.7992 0.5773
vn -0.8088 0.5557 0.1923
vn -0.9779 -0.1228 -0.1694
vn -0.5548 -0.6285 -0.5451
vn 0.1724 -0.7601 -0.6265
vn 0.8211 -0.4487 -0.3528
vn 0.9792 0.1429 0.1438
vn 0.5546 0.6315 0.5419
vn -0.1732 0.7636 0.6221
vn -0.8227 0.4674 0.3235
vn -0.9761 -0.2139 -0.0394
vn -0.5530 -0.6675 -0.4987
vn 0.1682 -0.7137 -0.6800
vn 0.8026 -0.3500 -0.4831
vn 0.9718 0.2355 0.0145
vn 0.5522 0.6697 0.4965
vn -0.1706 0.7186 0.6742
vn -0.8109 0.3727 0.4512
vn -0.9475 -0.3091 0.0820
vn -0.5410 -0.7014 -0.4640
vn 0.1519 -0.6542 -0.7409
vn 0.7553 -0.2383 -0.6105
vn 0.9362 0.3346 -0.1074
vn 0.5400 0.7032 0.4624
vn -0.1570 0.6613 0.7335
vn -0.7733 0.2673 0.5749
vn -0.8909 -0.4121 0.1910
vn -0.5202 -0.7301 -0.4431
vn 0.1188 -0.5786 -0.8069
vn 0.6747 -0.1098 -0.7299
vn 0.8700 0.4433 -0.2159
vn 0.5190 0.7316 0.4420
vn -0.1281 0.5877 0.7989
vn -0.7067 0.1463 0.6922
vn -0.8043 -0.5250 0.2782
vn -0.4923 -0.7509 -0.4402
vn 0.0640 -0.4852 -0.8720
vn 0.5575 0.0359 -0.8294
vn 0.7718 0.5614 -0.2985
vn 0.4911 0.7520 0.4397
vn -0.0776 0.4951 0.8653
vn -0.6355 0.0336 0.7713
vn -0.6890 -0.6461 0.3284
vn -0.4621 -0.7589 -0.4588
vn -0.0152 -0.3769 -0.9261
vn 0.4075 0.1929 -0.8926
vn 0.6479 0.6825 -0.3383
vn 0.4617 0.7592 0.4587
vn -0.0000 0.3852 0.9228
vn -0.5174 -0.1145 0.8480
vn -0.5546 -0.7656 0.3261
vn -0.4376 -0.7492 -0.4972
vn -0.1145 -0.2618 -0.9583
vn 0.2387 0.3489 -0.9062
vn 0.5140 0.7943 -0.3238
vn 0.4391 0.7485 0.4969
vn 0.1024 0.2667 0.9583
vn -0.3639 -0.2765 0.8894
vn -0.4204 -0.8666 0.2687
vn -0.4257 -0.7218 -0.5458
vn -0.2231 -0.1510 -0.9630
vn 0.0719 0.4895 -0.8691
vn 0.3440 0.9063 -0.2456
vn 0.4292 0.7206 0.5446
vn 0.1196 0.1800 0.9764
vn -0.1900 -0.4347 0.8803
vn -0.3043 -0.9364 0.1746
vn -0.4270 -0.6839 -0.5917
vn -0.3288 -0.0553 -0.9428
vn -0.0760 0.6029 -0.7942
vn 0.2369 0.9613 -0.1409
vn 0.4310 0.6830 0.5897
vn 0.2419 0.0714 0.9677
vn -0.0208 -0.5683 0.8226
vn -0.2110 -0.9749 0.0710
vn -0.4352 -0.6469 -0.6263
vn -0.4225 0.0171 -0.9062
vn -0.1987 0.6831 -0.7027
vn 0.1599 0.9864 -0.0372
vn 0.4380 0.6467 0.6245
vn 0.3591 -0.0111 0.9332
vn 0.1281 -0.6654 0.7354
vn -0.1337 -0.9908 -0.0226
vn -0.4418 -0.6199 -0.6486
vn -0.5005 0.0624 -0.8635
vn -0.2997 0.7309 -0.6132
vn 0.1008 0.9937 0.0486
vn 0.4429 0.6199 0.6478
vn 0.4981 -0.0624 0.8649
vn 0.2542 -0.7245 0.6406
vn -0.0636 -0.9930 -0.0997
vn -0.4406 -0.6056 -0.6627
vn -0.5626 0.0824 -0.8226
vn -0.3861 0.7516 -0.5348
vn 0.0571 0.9928 0.1055
vn 0.4406 0.6056 0.6627
vn 0.5603 -0.0826 0.8242
vn 0.3611 -0.7510 0.5528
vn 0.0037 -0.9865 -0.1638
vn -0.4296 -0.6004 -0.6745
vn -0.6105 0.0838 -0.7876
vn -0.4635 0.7527 -0.4676
vn -0.0091 0.9856 0.1690
vn 0.4292 0.6002 0.6749
vn 0.6087 -0.0842 0.7889
vn 0.4566 -0.7534 0.4732
vn 0.0671 -0.9726 -0.2227
vn -0.4111 -0.5963 -0.6895
vn -0.6466 0.0772 -0.7589
vn -0.5337 0.7423 -0.4052
vn -0.0724 0.9709 0.2281
vn 0.4103 0.5960 0.6903
vn 0.6457 -0.0775 0.7597
vn 0.5280 -0.7436 0.4101
vt 0.000000 0.000000
vt 0.328232 0.823269
vt 0.290219 0.880383
vt 0.277783 0.838578
vt 0.312019 0.782938
vt 0.265445 0.796836
vt 0.376620 0.802948
vt 0.344188 0.863806
vt 0.356539 0.763836
vt 0.421740 0.778129
vt 0.396023 0.842030
vt 0.397626 0.740724
vt 0.373572 0.703467
vt 0.336702 0.724331
vt 0.347334 0.669844
vt 0.403812 0.677900
vt 0.489015 0.784663
vt 0.444578 0.815517
vt 0.434067 0.713946
vt 0.374631 0.643938
vt 0.429719 0.651002
vt 0.462491 0.749422
vt 0.528713 0.750237
vt 0.465275 0.685005
vt 0.396465 0.618475
vt 0.450510 0.624415
vt 0.498279 0.717910
vt 0.563258 0.712851
vt 0.491134 0.655297
vt 0.413034 0.594084
vt 0.466648 0.598719
vt 0.553924 0.649888
vt 0.528805 0.684537
vt 0.511862 0.625737
vt 0.425768 0.571072
vt 0.479800 0.573960
vt 0.573534 0.614311
vt 0.592393 0.673019
vt 0.528423 0.596081
vt 0.436430 0.548885
vt 0.491226 0.548819
vt 0.613918 0.631014
vt 0.672285 0.604283
vt 0.653253 0.649989
vt 0.588476 0.577966
vt 0.541580 0.565665
vt 0.446391 0.526156
vt 0.501428 0.522375
vt 0.642712 0.547416
vt 0.630330 0.589562
vt 0.599347 0.540558
vt 0.551651 0.533808
vt 0.456543 0.501554
vt 0.510252 0.495348
vt 0.650396 0.504064
vt 0.685911 0.556917
vt 0.606164 0.501850
vt 0.558383 0.500168
vt 0.653558 0.459798
vt 0.694489 0.508729
vt 0.608865 0.462117
vt 0.561087 0.465365
vt 0.512943 0.466471
vt 0.652259 0.415041
vt 0.698119 0.459766
vt 0.607477 0.421885
vt 0.559841 0.429962
vt 0.511976 0.436334
vt 0.646486 0.370438
vt 0.696827 0.410361
vt 0.602059 0.381966
vt 0.554812 0.395003
vt 0.507582 0.406378
vt 0.636142 0.326804
vt 0.690563 0.361026
vt 0.592685 0.343363
vt 0.546261 0.361723
vt 0.500169 0.378059
vt 0.620981 0.285083
vt 0.679110 0.312390
vt 0.579450 0.307161
vt 0.534508 0.331306
vt 0.490284 0.352576
vt 0.600614 0.246380
vt 0.661977 0.265218
vt 0.562372 0.274313
vt 0.520416 0.304324
vt 0.574739 0.212070
vt 0.638398 0.220596
vt 0.541350 0.245655
vt 0.503817 0.281159
vt 0.477832 0.330561
vt 0.543717 0.183726
vt 0.607624 0.180210
vt 0.516233 0.221574
vt 0.484620 0.261311
vt 0.463342 0.311288
vt 0.569959 0.148644
vt 0.555751 0.085832
vt 0.598453 0.114267
vt 0.530402 0.123271
vt 0.487212 0.202018
vt 0.446444 0.293655
vt 0.462601 0.243558
vt 0.508512 0.061630
vt 0.508705 0.160978
vt 0.487183 0.102348
vt 0.453344 0.186367
vt 0.456998 0.041941
vt 0.469769 0.142857
vt 0.439860 0.085438
vt 0.414412 0.173891
vt 0.434915 0.230824
vt 0.401764 0.026130
vt 0.426418 0.128423
vt 0.388129 0.071759
vt 0.370166 0.163928
vt 0.401123 0.220319
vt 0.343557 0.012733
vt 0.324253 0.107521
vt 0.378274 0.116839
vt 0.320652 0.156514
vt 0.316022 0.204986
vt 0.361307 0.211686
vt 0.332214 0.059897
vt 0.282766 0.000160
vt 0.265445 0.097634
vt 0.928095 0.027505
vt 0.857622 0.049492
vt 0.889589 0.000160
vt 0.930077 0.100576
vt 0.964599 0.057623
vt 0.967175 0.127702
vt 0.999840 0.088592
vt 0.792234 0.070345
vt 0.820708 0.023164
vt 0.893507 0.074864
vt 0.829113 0.096468
vt 0.864543 0.120177
vt 0.939477 0.167792
vt 0.766412 0.116870
vt 0.803900 0.142344
vt 0.900912 0.143400
vt 0.839539 0.164442
vt 0.916581 0.206966
vt 0.743061 0.162661
vt 0.781482 0.187592
vt 0.876391 0.185237
vt 0.818078 0.208152
vt 0.898468 0.244223
vt 0.721084 0.207607
vt 0.760717 0.233002
vt 0.840049 0.265949
vt 0.856103 0.225919
vt 0.885046 0.279312
vt 0.698439 0.251556
vt 0.799243 0.251890
vt 0.739098 0.281644
vt 0.828571 0.306203
vt 0.876191 0.312634
vt 0.783928 0.297489
vt 0.725027 0.335370
vt 0.822906 0.347639
vt 0.872096 0.345159
vt 0.825041 0.389694
vt 0.773926 0.347421
vt 0.873498 0.377695
vt 0.835127 0.431356
vt 0.776661 0.399761
vt 0.881064 0.410325
vt 0.896152 0.442617
vt 0.916260 0.474177
vt 0.853215 0.471019
vt 0.957177 0.442192
vt 0.940134 0.414968
vt 0.940043 0.503401
vt 0.876945 0.508081
vt 0.977504 0.468069
vt 0.965720 0.528810
vt 0.905139 0.541897
vt 0.999840 0.491617
vt 0.993629 0.548176
vt 0.937249 0.571396
vt 0.220639 0.993387
vt 0.246525 0.925647
vt 0.265124 0.978021
vt 0.200921 0.937277
vt 0.232629 0.871241
vt 0.154661 0.947867
vt 0.187045 0.879695
vt 0.221144 0.816334
vt 0.142330 0.888292
vt 0.175292 0.823217
vt 0.087204 0.838723
vt 0.096816 0.897716
vt 0.210458 0.762428
vt 0.131389 0.830395
vt 0.164290 0.768199
vt 0.120596 0.774357
vt 0.031299 0.790441
vt 0.041694 0.847671
vt 0.200089 0.710763
vt 0.153709 0.715271
vt 0.077071 0.781504
vt 0.110378 0.720072
vt 0.020616 0.733237
vt 0.190220 0.662242
vt 0.143790 0.665088
vt 0.067493 0.725702
vt 0.101070 0.668219
vt 0.058868 0.672048
vt 0.181495 0.617277
vt 0.135181 0.617974
vt 0.093398 0.619214
vt 0.012928 0.677307
vt 0.052327 0.621189
vt 0.174759 0.575678
vt 0.128653 0.573740
vt 0.087876 0.572958
vt 0.007427 0.624609
vt 0.047723 0.573341
vt 0.170781 0.536735
vt 0.124897 0.531779
vt 0.084962 0.528889
vt 0.001354 0.529675
vt 0.004396 0.575667
vt 0.170032 0.499347
vt 0.124270 0.491250
vt 0.045661 0.527814
vt 0.084663 0.486229
vt 0.000160 0.484913
vt 0.172629 0.462201
vt 0.126758 0.451237
vt 0.045440 0.483827
vt 0.086857 0.444217
vt 0.000765 0.440769
vt 0.178363 0.424022
vt 0.132053 0.410764
vt 0.047133 0.440606
vt 0.091203 0.401889
vt 0.002960 0.396423
vt 0.186809 0.383851
vt 0.139780 0.369068
vt 0.055739 0.353420
vt 0.050556 0.397495
vt 0.006742 0.351026
vt 0.197320 0.341124
vt 0.097985 0.358854
vt 0.149281 0.325470
vt 0.062357 0.307970
vt 0.011991 0.304349
vt 0.209184 0.295789
vt 0.106181 0.314378
vt 0.159976 0.279687
vt 0.070118 0.261054
vt 0.018417 0.256600
vt 0.221818 0.248197
vt 0.115483 0.268080
vt 0.171394 0.231724
vt 0.078499 0.212776
vt 0.025419 0.208314
vt 0.234937 0.198930
vt 0.125454 0.219854
vt 0.183285 0.181597
vt 0.086651 0.163169
vt 0.031975 0.160170
vt 0.248849 0.148646
vt 0.135597 0.169484
vt 0.195922 0.128792
vt 0.093217 0.111705
vt 0.036479 0.112830
vt 0.265124 0.098110
vt 0.145413 0.116030
vt 0.211308 0.071005
vt 0.095554 0.056384
vt 0.036423 0.066894
vt 0.093995 0.000160
vt 0.154319 0.056952
vt 0.744838 0.643541
vt 0.698439 0.595058
vt 0.744940 0.597146
vt 0.271752 0.048527
vt 0.972268 0.594737
vt 0.698439 0.647257
s 1
f 2/1/1 1/1/3 9/1/2
f 3/1/4 2/1/6 10/1/5
f 4/1/7 3/1/7 11/1/7
f 5/1/8 4/1/10 12/1/9
f 14/1/11 6/1/13 5/1/12
f 15/2/14 7/4/16 6/3/15
f 16/5/17 8/6/19 7/4/18
f 9/1/20 1/1/22 8/1/21
f 10/1/23 9/1/23 17/1/23
f 11/1/24 10/1/24 18/1/24
f 12/1/25 11/1/27 19/1/26
f 13/1/28 12/1/28 20/1/28
f 14/1/29 13/1/29 21/1/29
f 23/7/30 15/2/30 14/8/30
f 24/9/31 16/5/17 15/2/32
f 17/1/33 9/1/33 16/1/33
f 18/1/34 17/1/34 25/1/34
f 19/1/35 18/1/35 26/1/35
f 20/1/36 19/1/38 27/1/37
f 21/1/39 20/1/39 28/1/39
f 22/1/40 21/1/40 29/1/40
f 31/10/41 23/7/41 22/11/41
f 32/12/42 24/9/42 23/7/42
f 25/13/43 17/14/43 24/9/43
f 26/15/44 25/13/44 33/16/44
f 27/1/45 26/1/45 34/1/45
f 28/1/46 27/1/46 35/1/46
f 29/1/47 28/1/47 36/1/47
f 30/1/48 29/1/48 37/1/48
f 31/10/49 30/18/49 38/17/49
f 40/19/50 32/12/50 31/10/50
f 25/13/51 32/12/51 40/19/51
f 34/20/52 33/16/52 41/21/52
f 35/1/53 34/1/53 42/1/53
f 36/1/54 35/1/54 43/1/54
f 37/1/55 36/1/55 44/1/55
f 38/1/56 37/1/56 45/1/56
f 39/22/57 38/17/57 46/23/57
f 48/24/58 40/19/58 39/22/58
f 33/16/59 40/19/59 48/24/59
f 42/25/60 41/21/60 49/26/60
f 43/1/61 42/1/61 50/1/61
f 44/1/62 43/1/62 51/1/62
f 45/1/63 44/1/63 52/1/63
f 46/1/64 45/1/64 53/1/64
f 47/27/65 46/23/65 54/28/65
f 56/29/66 48/24/66 47/27/66
f 41/21/67 48/24/67 56/29/67
f 50/30/68 49/26/68 57/31/68
f 51/1/69 50/1/69 58/1/69
f 52/1/70 51/1/70 59/1/70
f 53/1/71 52/1/71 60/1/71
f 54/1/72 53/1/72 61/1/72
f 63/32/73 55/33/73 54/28/73
f 64/34/74 56/29/74 55/33/74
f 57/31/75 49/26/75 56/29/75
f 58/35/76 57/31/76 65/36/76
f 59/1/77 58/1/77 66/1/77
f 60/1/78 59/1/78 67/1/78
f 61/1/79 60/1/79 68/1/79
f 62/1/80 61/1/80 69/1/80
f 71/37/81 63/32/81 62/38/81
f 72/39/82 64/34/82 63/32/82
f 65/36/83 57/31/83 64/34/83
f 66/40/84 65/36/84 73/41/84
f 67/1/85 66/1/87 74/1/86
f 68/1/88 67/1/90 75/1/89
f 69/1/91 68/1/91 76/1/91
f 70/42/92 69/44/92 77/43/92
f 79/45/93 71/37/93 70/42/93
f 80/46/94 72/39/96 71/37/95
f 73/41/97 65/36/97 72/39/97
f 74/47/98 73/41/100 81/48/99
f 75/1/101 74/1/103 82/1/102
f 76/1/104 75/1/106 83/1/105
f 77/1/107 76/1/107 84/1/107
f 86/49/108 78/50/110 77/43/109
f 87/51/111 79/45/113 78/50/112
f 88/52/114 80/46/116 79/45/115
f 81/48/117 73/41/117 80/46/117
f 82/53/118 81/48/120 89/54/119
f 83/1/121 82/1/123 90/1/122
f 84/1/124 83/1/126 91/1/125
f 85/1/127 84/1/127 92/1/127
f 94/55/128 86/49/130 85/56/129
f 95/57/131 87/51/133 86/49/132
f 96/58/134 88/52/134 87/51/134
f 89/54/135 81/48/135 88/52/135
f 90/1/136 89/1/138 97/1/137
f 91/1/139 90/1/141 98/1/140
f 92/1/142 91/1/144 99/1/143
f 93/1/145 92/1/147 100/1/146
f 102/59/148 94/55/150 93/60/149
f 103/61/151 95/57/153 94/55/152
f 104/62/154 96/58/156 95/57/155
f 97/63/157 89/54/157 96/58/157
f 98/1/158 97/1/160 105/1/159
f 99/1/161 98/1/163 106/1/162
f 100/1/164 99/1/166 107/1/165
f 101/1/167 100/1/169 108/1/168
f 110/64/170 102/59/172 101/65/171
f 111/66/173 103/61/175 102/59/174
f 112/67/176 104/62/178 103/61/177
f 105/68/179 97/63/181 104/62/180
f 106/1/182 105/1/184 113/1/183
f 107/1/185 106/1/187 114/1/186
f 108/1/188 107/1/190 115/1/189
f 109/1/191 108/1/193 116/1/192
f 118/69/194 110/64/196 109/70/195
f 119/71/197 111/66/199 110/64/198
f 120/72/200 112/67/202 111/66/201
f 113/73/203 105/68/205 112/67/204
f 114/1/206 113/1/208 121/1/207
f 115/1/209 114/1/211 122/1/210
f 116/1/212 115/1/214 123/1/213
f 117/1/215 116/1/217 124/1/216
f 126/74/218 118/69/220 117/75/219
f 127/76/221 119/71/223 118/69/222
f 128/77/224 120/72/224 119/71/224
f 121/78/225 113/73/227 120/72/226
f 122/1/228 121/1/230 129/1/229
f 123/1/231 122/1/233 130/1/232
f 124/1/234 123/1/234 131/1/234
f 125/1/235 124/1/237 132/1/236
f 134/79/238 126/74/239 125/80/238
f 135/81/240 127/76/242 126/74/241
f 136/82/243 128/77/243 127/76/243
f 129/83/244 121/78/244 128/77/244
f 130/1/245 129/1/247 137/1/246
f 131/1/248 130/1/248 138/1/248
f 132/1/249 131/1/249 139/1/249
f 133/1/250 132/1/250 140/1/250
f 142/84/251 134/79/253 133/85/252
f 143/86/254 135/81/254 134/79/254
f 144/87/255 136/82/255 135/81/255
f 129/83/256 136/82/256 144/87/256
f 138/1/257 137/1/259 145/1/258
f 139/1/260 138/1/260 146/1/260
f 140/1/261 139/1/261 147/1/261
f 141/1/262 140/1/262 148/1/262
f 150/88/263 142/84/263 141/89/263
f 151/90/264 143/86/264 142/84/264
f 152/91/265 144/87/265 143/86/265
f 137/92/266 144/87/266 152/91/266
f 146/1/267 145/1/267 153/1/267
f 147/1/268 146/1/268 154/1/268
f 148/1/269 147/1/269 155/1/269
f 149/1/270 148/1/270 156/1/270
f 158/93/271 150/88/271 149/94/271
f 159/95/272 151/90/272 150/88/272
f 160/96/273 152/91/273 151/90/273
f 145/97/274 152/91/274 160/96/274
f 154/1/275 153/1/275 161/1/275
f 155/1/276 154/1/276 162/1/276
f 156/1/277 155/1/277 163/1/277
f 157/98/278 156/100/278 164/99/278
f 158/93/279 157/98/279 165/101/279
f 167/102/280 159/95/280 158/93/280
f 160/96/281 159/95/281 167/102/281
f 153/103/282 160/96/282 168/104/282
f 162/1/283 161/1/283 169/1/283
f 163/1/284 162/1/284 170/1/284
f 164/1/285 163/1/285 171/1/285
f 165/101/286 164/99/286 172/105/286
f 166/106/287 165/101/287 173/107/287
f 175/108/288 167/102/288 166/106/288
f 168/104/289 167/102/289 175/108/289
f 161/1/290 168/1/290 176/1/290
f 170/1/291 169/1/291 177/1/291
f 171/1/292 170/1/292 178/1/292
f 172/1/293 171/1/293 179/1/293
f 173/107/294 172/105/294 180/109/294
f 174/110/295 173/107/295 181/111/295
f 183/112/296 175/108/296 174/110/296
f 176/113/297 175/108/297 183/112/297
f 169/1/298 176/1/298 184/1/298
f 178/1/299 177/1/299 185/1/299
f 179/1/300 178/1/300 186/1/300
f 180/1/301 179/1/301 187/1/301
f 181/111/302 180/109/302 188/114/302
f 182/115/303 181/111/303 189/116/303
f 191/117/304 183/112/304 182/115/304
f 184/118/305 183/112/305 191/117/305
f 177/1/306 184/1/306 192/1/306
f 186/1/307 185/1/307 193/1/307
f 187/1/308 186/1/308 194/1/308
f 188/1/309 187/1/309 195/1/309
f 189/116/310 188/114/310 196/119/310
f 198/120/311 190/121/311 189/116/311
f 199/122/312 191/117/312 190/121/312
f 200/123/313 192/124/313 191/117/313
f 185/1/314 192/1/314 200/1/314
f 194/1/315 193/1/315 201/1/315
f 195/1/316 194/1/316 202/1/316
f 196/1/317 195/1/317 203/1/317
f 197/125/318 196/119/318 204/126/318
f 206/127/319 198/120/319 197/125/319
f 207/1/320 199/1/320 198/1/320
f 208/1/321 200/1/321 199/1/321
f 193/1/322 200/1/322 208/1/322
f 202/1/323 201/1/325 209/1/324
f 203/1/326 202/1/328 210/1/327
f 204/1/329 203/1/331 211/1/330
f 205/1/332 204/1/334 212/1/333
f 214/1/335 206/1/337 205/1/336
f 215/1/338 207/1/340 206/1/339
f 216/1/341 208/1/343 207/1/342
f 209/1/344 201/1/346 208/1/345
f 210/1/347 209/1/349 217/1/348
f 211/1/350 210/1/352 218/1/351
f 212/1/353 211/1/355 219/1/354
f 213/1/356 212/1/358 220/1/357
f 222/1/359 214/1/361 213/1/360
f 223/1/362 215/1/364 214/1/363
f 224/1/365 216/1/367 215/1/366
f 217/1/368 209/1/370 216/1/369
f 218/1/371 217/1/373 225/1/372
f 219/1/374 218/1/376 226/1/375
f 220/1/377 219/1/377 227/1/377
f 221/1/378 220/1/378 228/1/378
f 230/1/379 222/1/381 221/1/380
f 231/1/382 223/1/384 222/1/383
f 232/1/385 224/1/387 223/1/386
f 225/1/388 217/1/388 224/1/388
f 226/1/389 225/1/389 233/1/389
f 227/1/390 226/1/390 234/1/390
f 228/1/391 227/1/393 235/1/392
f 229/1/394 228/1/394 236/1/394
f 230/128/395 229/130/395 237/129/395
f 239/131/396 231/132/396 230/128/396
f 240/133/397 232/134/385 231/132/398
f 233/1/399 225/1/399 232/1/399
f 234/1/400 233/1/400 241/1/400
f 235/1/401 234/1/401 242/1/401
f 236/1/402 235/1/402 243/1/402
f 237/129/403 236/136/403 244/135/403
f 238/137/404 237/129/404 245/138/404
f 239/131/405 238/137/405 246/139/405
f 248/140/406 240/133/406 239/131/406
f 233/1/407 240/1/407 248/1/407
f 242/1/408 241/1/408 249/1/408
f 243/1/409 242/1/409 250/1/409
f 244/1/410 243/1/410 251/1/410
f 245/138/411 244/135/411 252/141/411
f 246/139/412 245/138/412 253/142/412
f 247/143/413 246/139/413 254/144/413
f 256/145/414 248/140/414 247/143/414
f 241/1/415 248/1/415 256/1/415
f 250/1/416 249/1/416 257/1/416
f 251/1/417 250/1/417 258/1/417
f 252/1/418 251/1/418 259/1/418
f 253/142/419 252/141/419 260/146/419
f 254/144/420 253/142/420 261/147/420
f 255/148/421 254/144/421 262/149/421
f 264/150/422 256/145/422 255/148/422
f 249/1/423 256/1/423 264/1/423
f 258/1/424 257/1/424 265/1/424
f 259/1/425 258/1/425 266/1/425
f 260/1/426 259/1/426 267/1/426
f 261/147/427 260/146/427 268/151/427
f 262/149/428 261/147/428 269/152/428
f 271/153/429 263/154/429 262/149/429
f 272/155/430 264/150/430 263/154/430
f 257/1/431 264/1/431 272/1/431
f 266/1/432 265/1/432 273/1/432
f 267/1/433 266/1/433 274/1/433
f 268/1/434 267/1/434 275/1/434
f 269/152/435 268/151/435 276/156/435
f 270/157/436 269/152/436 277/158/436
f 279/159/437 271/153/437 270/157/437
f 280/160/438 272/155/438 271/153/438
f 273/1/439 265/1/439 272/1/439
f 274/1/440 273/1/440 281/1/440
f 275/1/441 274/1/441 282/1/441
f 276/1/442 275/1/442 283/1/442
f 277/1/443 276/1/443 284/1/443
f 278/161/444 277/158/444 285/162/444
f 287/163/445 279/159/445 278/161/445
f 288/164/446 280/160/446 279/159/446
f 281/1/447 273/1/447 280/1/447
f 282/1/448 281/1/448 289/1/448
f 283/1/449 282/1/451 290/1/450
f 284/1/452 283/1/453 291/1/453
f 285/1/454 284/1/454 292/1/454
f 286/1/455 285/1/455 293/1/455
f 295/165/456 287/163/458 286/166/457
f 296/167/459 288/164/461 287/163/460
f 289/1/462 281/1/462 288/1/462
f 290/1/463 289/1/465 297/1/464
f 291/1/466 290/1/468 298/1/467
f 292/1/469 291/1/469 299/1/469
f 293/1/470 292/1/470 300/1/470
f 302/1/471 294/1/473 293/1/472
f 303/168/474 295/165/475 294/169/474
f 304/170/476 296/167/476 295/165/476
f 297/1/477 289/1/477 296/1/477
f 298/1/478 297/1/480 305/1/479
f 299/1/481 298/1/483 306/1/482
f 300/1/484 299/1/486 307/1/485
f 301/1/487 300/1/489 308/1/488
f 310/1/490 302/1/492 301/1/491
f 311/1/493 303/1/495 302/1/494
f 312/171/496 304/170/498 303/168/497
f 305/1/499 297/1/499 304/1/499
f 306/1/500 305/1/502 313/1/501
f 307/1/503 306/1/505 314/1/504
f 308/1/506 307/1/508 315/1/507
f 309/1/509 308/1/511 316/1/510
f 318/1/512 310/1/514 309/1/513
f 319/1/515 311/1/517 310/1/516
f 320/172/518 312/171/520 311/173/519
f 313/174/521 305/175/521 312/171/521
f 314/1/522 313/1/524 321/1/523
f 315/1/525 314/1/527 322/1/526
f 316/1/528 315/1/530 323/1/529
f 317/1/531 316/1/533 324/1/532
f 326/1/534 318/1/536 317/1/535
f 327/1/537 319/1/539 318/1/538
f 328/176/540 320/172/542 319/177/541
f 321/178/543 313/174/545 320/172/544
f 322/1/546 321/1/548 329/1/547
f 323/1/549 322/1/551 330/1/550
f 324/1/552 323/1/554 331/1/553
f 325/1/555 324/1/557 332/1/556
f 334/1/558 326/1/560 325/1/559
f 335/1/561 327/1/563 326/1/562
f 336/179/564 328/176/566 327/180/565
f 329/181/567 321/178/569 328/176/568
f 330/1/570 329/1/572 337/1/571
f 331/1/573 330/1/575 338/1/574
f 332/1/576 331/1/578 339/1/577
f 333/1/579 332/1/581 340/1/580
f 342/1/582 334/1/584 333/1/583
f 343/1/585 335/1/587 334/1/586
f 344/182/588 336/179/588 335/183/588
f 337/1/589 329/1/589 336/1/589
f 338/1/590 337/1/592 345/1/591
f 339/1/593 338/1/595 346/1/594
f 340/1/596 339/1/596 347/1/596
f 341/1/597 340/1/597 348/1/597
f 350/1/598 342/1/599 341/1/598
f 351/1/600 343/1/602 342/1/601
f 352/1/603 344/1/603 343/1/603
f 345/1/604 337/1/604 344/1/604
f 346/1/605 345/1/607 353/1/606
f 347/1/608 346/1/608 354/1/608
f 348/1/609 347/1/609 355/1/609
f 349/1/610 348/1/610 356/1/610
f 358/1/611 350/1/613 349/1/612
f 359/1/614 351/1/614 350/1/614
f 360/1/615 352/1/615 351/1/615
f 345/1/616 352/1/616 360/1/616
f 354/1/617 353/1/617 361/1/617
f 355/1/618 354/1/618 362/1/618
f 356/1/619 355/1/619 363/1/619
f 357/1/620 356/1/620 364/1/620
f 366/1/621 358/1/621 357/1/621
f 367/1/622 359/1/622 358/1/622
f 368/1/623 360/1/623 359/1/623
f 353/1/624 360/1/624 368/1/624
f 362/1/625 361/1/625 369/1/625
f 363/1/626 362/1/626 370/1/626
f 364/1/627 363/1/627 371/1/627
f 365/1/628 364/1/628 372/1/628
f 374/1/629 366/1/629 365/1/629
f 375/1/630 367/1/630 366/1/630
f 376/1/631 368/1/631 367/1/631
f 361/1/632 368/1/632 376/1/632
f 370/1/633 369/1/633 377/1/633
f 371/1/634 370/1/634 378/1/634
f 372/1/635 371/1/635 379/1/635
f 373/1/636 372/1/636 380/1/636
f 374/1/637 373/1/637 381/1/637
f 383/1/638 375/1/638 374/1/638
f 376/1/639 375/1/639 383/1/639
f 369/1/640 376/1/640 384/1/640
f 378/1/641 377/1/641 385/1/641
f 379/1/642 378/1/642 386/1/642
f 380/1/643 379/1/643 387/1/643
f 381/1/644 380/1/644 388/1/644
f 382/1/645 381/1/645 389/1/645
f 391/1/646 383/1/646 382/1/646
f 384/1/647 383/1/647 391/1/647
f 377/1/648 384/1/648 392/1/648
f 386/1/649 385/1/649 393/1/649
f 387/1/650 386/1/650 394/1/650
f 388/1/651 387/1/651 395/1/651
f 389/1/652 388/1/652 396/1/652
f 390/1/653 389/1/653 397/1/653
f 399/1/654 391/1/654 390/1/654
f 392/1/655 391/1/655 399/1/655
f 385/1/656 392/1/656 400/1/656
f 394/1/657 393/1/657 401/1/657
f 395/1/658 394/1/658 402/1/658
f 396/1/659 395/1/659 403/1/659
f 397/1/660 396/1/660 404/1/660
f 398/1/661 397/1/661 405/1/661
f 407/1/662 399/1/662 398/1/662
f 400/1/663 399/1/663 407/1/663
f 393/1/664 400/1/664 408/1/664
f 402/1/665 401/1/665 409/1/665
f 403/1/666 402/1/666 410/1/666
f 404/1/667 403/1/667 411/1/667
f 405/1/668 404/1/668 412/1/668
f 414/1/669 406/1/669 405/1/669
f 415/1/670 407/1/670 406/1/670
f 416/1/671 408/1/671 407/1/671
f 401/1/672 408/1/672 416/1/672
f 410/1/673 409/1/675 417/1/674
f 411/1/676 410/1/678 418/1/677
f 412/184/679 411/186/679 419/185/679
f 413/1/680 412/1/682 420/1/681
f 422/1/683 414/1/685 413/1/684
f 423/1/686 415/1/688 414/1/687
f 424/1/689 416/1/689 415/1/689
f 409/1/690 416/1/690 424/1/690
f 418/1/691 417/1/693 425/1/692
f 419/1/694 418/1/696 426/1/695
f 420/187/697 419/185/699 427/188/698
f 421/189/700 420/187/702 428/190/701
f 430/1/703 422/1/705 421/1/704
f 431/1/706 423/1/708 422/1/707
f 432/1/709 424/1/711 423/1/710
f 425/1/712 417/1/714 424/1/713
f 426/1/715 425/1/717 433/1/716
f 427/1/718 426/1/720 434/1/719
f 428/190/721 427/188/723 435/191/722
f 429/192/724 428/190/726 436/193/725
f 438/194/727 430/195/729 429/192/728
f 439/1/730 431/1/732 430/1/731
f 440/1/733 432/1/735 431/1/734
f 433/1/736 425/1/738 432/1/737
f 434/1/739 433/1/739 441/1/739
f 435/1/740 434/1/740 442/1/740
f 436/193/741 435/191/741 443/196/741
f 437/197/742 436/193/742 444/198/742
f 438/194/743 437/197/743 445/199/743
f 447/200/744 439/201/744 438/194/744
f 448/1/745 440/1/745 439/1/745
f 441/1/746 433/1/746 440/1/746
f 442/1/747 441/1/747 449/1/747
f 443/1/748 442/1/748 450/1/748
f 444/198/749 443/196/751 451/202/750
f 445/199/752 444/198/752 452/203/752
f 446/204/753 445/199/753 453/205/753
f 455/206/754 447/200/754 446/204/754
f 456/1/755 448/1/757 447/1/756
f 449/1/758 441/1/758 448/1/758
f 450/1/759 449/1/759 457/1/759
f 451/1/760 450/1/760 458/1/760
f 452/203/761 451/202/761 459/207/761
f 453/205/762 452/203/762 460/208/762
f 454/209/763 453/205/763 461/210/763
f 455/206/764 454/209/764 462/211/764
f 464/1/765 456/1/765 455/1/765
f 449/1/766 456/1/766 464/1/766
f 458/1/767 457/1/767 465/1/767
f 459/1/768 458/1/768 466/1/768
f 460/208/769 459/207/769 467/212/769
f 461/210/770 460/208/770 468/213/770
f 462/211/771 461/210/771 469/214/771
f 463/215/772 462/211/772 470/216/772
f 472/1/773 464/1/773 463/1/773
f 457/1/774 464/1/774 472/1/774
f 466/1/775 465/1/775 473/1/775
f 467/1/776 466/1/776 474/1/776
f 468/213/777 467/212/777 475/217/777
f 469/214/778 468/213/778 476/218/778
f 470/216/779 469/214/779 477/219/779
f 471/220/780 470/216/780 478/221/780
f 480/1/781 472/1/781 471/1/781
f 465/1/782 472/1/782 480/1/782
f 474/1/783 473/1/783 481/1/783
f 475/1/784 474/1/784 482/1/784
f 476/218/785 475/217/785 483/222/785
f 477/219/786 476/218/786 484/223/786
f 478/221/787 477/219/787 485/224/787
f 487/225/788 479/226/788 478/221/788
f 488/1/789 480/1/789 479/1/789
f 473/1/790 480/1/790 488/1/790
f 482/1/791 481/1/791 489/1/791
f 483/1/792 482/1/792 490/1/792
f 484/223/793 483/222/793 491/227/793
f 485/224/794 484/223/794 492/228/794
f 486/229/795 485/224/795 493/230/795
f 495/231/796 487/225/796 486/229/796
f 496/1/797 488/1/797 487/1/797
f 489/1/798 481/1/798 488/1/798
f 490/1/799 489/1/799 497/1/799
f 491/1/800 490/1/800 498/1/800
f 492/228/801 491/227/801 499/232/801
f 493/230/802 492/228/802 500/233/802
f 494/234/803 493/230/803 501/235/803
f 503/236/804 495/231/804 494/234/804
f 504/1/805 496/1/805 495/1/805
f 497/1/806 489/1/806 496/1/806
f 498/1/807 497/1/807 505/1/807
f 499/1/808 498/1/810 506/1/809
f 500/233/811 499/232/813 507/237/812
f 501/235/814 500/233/814 508/238/814
f 502/239/815 501/235/815 509/240/815
f 511/241/816 503/236/818 502/239/817
f 512/1/819 504/1/821 503/1/820
f 505/1/822 497/1/822 504/1/822
f 506/1/823 505/1/825 513/1/824
f 507/1/826 506/1/828 514/1/827
f 508/238/829 507/237/829 515/242/829
f 509/240/830 508/238/830 516/243/830
f 518/244/831 510/245/833 509/240/832
f 519/246/834 511/241/836 510/245/835
f 520/1/837 512/1/837 511/1/837
f 513/1/838 505/1/838 512/1/838
f 514/1/839 513/1/841 521/1/840
f 515/1/842 514/1/844 522/1/843
f 516/243/845 515/242/847 523/247/846
f 517/248/848 516/243/850 524/249/849
f 526/250/851 518/244/853 517/248/852
f 527/251/854 519/246/856 518/244/855
f 528/1/857 520/1/859 519/1/858
f 521/1/860 513/1/860 520/1/860
f 522/1/861 521/1/863 529/1/862
f 523/1/864 522/1/866 530/1/865
f 524/249/867 523/247/869 531/252/868
f 525/253/870 524/249/872 532/254/871
f 534/255/873 526/250/875 525/253/874
f 535/256/876 527/251/878 526/250/877
f 536/1/879 528/1/881 527/1/880
f 529/1/882 521/1/884 528/1/883
f 530/1/885 529/1/887 537/1/886
f 531/1/888 530/1/890 538/1/889
f 532/254/891 531/252/893 539/257/892
f 533/258/894 532/254/896 540/259/895
f 542/260/897 534/255/899 533/258/898
f 543/261/900 535/256/902 534/255/901
f 544/1/903 536/1/905 535/1/904
f 537/1/906 529/1/908 536/1/907
f 538/1/909 537/1/911 545/1/910
f 539/1/912 538/1/914 546/1/913
f 540/259/915 539/257/917 547/262/916
f 541/263/918 540/259/920 548/264/919
f 550/265/921 542/260/923 541/263/922
f 551/266/924 543/261/926 542/260/925
f 552/1/927 544/1/929 543/1/928
f 545/1/930 537/1/932 544/1/931
f 546/1/933 545/1/935 553/1/934
f 547/1/936 546/1/938 554/1/937
f 548/264/939 547/262/939 555/267/939
f 549/268/940 548/264/942 556/269/941
f 558/270/943 550/265/945 549/268/944
f 559/271/946 551/266/948 550/265/947
f 560/1/949 552/1/949 551/1/949
f 553/1/950 545/1/950 552/1/950
f 554/1/951 553/1/953 561/1/952
f 555/1/954 554/1/956 562/1/955
f 556/269/957 555/267/957 563/272/957
f 557/273/958 556/269/958 564/274/958
f 566/275/959 558/270/961 557/273/960
f 567/276/962 559/271/964 558/270/963
f 568/1/965 560/1/965 559/1/965
f 561/1/966 553/1/966 560/1/966
f 562/1/967 561/1/969 569/1/968
f 563/1/970 562/1/970 570/1/970
f 564/1/971 563/1/971 571/1/971
f 565/1/972 564/1/972 572/1/972
f 574/277/973 566/275/973 565/278/973
f 575/1/974 567/1/974 566/1/974
f 576/1/975 568/1/975 567/1/975
f 561/1/976 568/1/976 576/1/976
f 570/1/977 569/1/977 577/1/977
f 571/1/978 570/1/978 578/1/978
f 572/1/979 571/1/979 579/1/979
f 573/1/980 572/1/980 580/1/980
f 582/1/981 574/1/981 573/1/981
f 583/1/982 575/1/982 574/1/982
f 584/1/983 576/1/983 575/1/983
f 569/1/984 576/1/984 584/1/984
f 578/1/985 577/1/985 585/1/985
f 579/1/986 578/1/986 586/1/986
f 580/1/987 579/1/987 587/1/987
f 581/1/988 580/1/988 588/1/988
f 590/1/989 582/1/989 581/1/989
f 591/1/990 583/1/990 582/1/990
f 592/1/991 584/1/991 583/1/991
f 577/1/992 584/1/992 592/1/992
f 586/1/993 585/1/993 593/1/993
f 587/1/994 586/1/994 594/1/994
f 588/1/995 587/1/995 595/1/995
f 589/1/996 588/1/996 596/1/996
f 590/1/997 589/1/997 597/1/997
f 599/1/998 591/1/998 590/1/998
f 592/1/999 591/1/999 599/1/999
f 585/1/1000 592/1/1000 600/1/1000
f 594/1/1001 593/1/1001 601/1/1001
f 595/1/1002 594/1/1002 602/1/1002
f 596/1/1003 595/1/1003 603/1/1003
f 597/1/1004 596/1/1004 604/1/1004
f 598/1/1005 597/1/1005 605/1/1005
f 607/1/1006 599/1/1006 598/1/1006
f 600/1/1007 599/1/1007 607/1/1007
f 593/1/1008 600/1/1008 608/1/1008
f 602/1/1009 601/1/1009 609/1/1009
f 603/1/1010 602/1/1010 610/1/1010
f 604/1/1011 603/1/1011 611/1/1011
f 605/1/1012 604/1/1012 612/1/1012
f 606/1/1013 605/1/1013 613/1/1013
f 615/1/1014 607/1/1014 606/1/1014
f 608/1/1015 607/1/1015 615/1/1015
f 601/1/1016 608/1/1016 616/1/1016
f 610/1/1017 609/1/1017 617/1/1017
f 611/1/1018 610/1/1018 618/1/1018
f 612/1/1019 611/1/1019 619/1/1019
f 613/1/1020 612/1/1020 620/1/1020
f 614/1/1021 613/1/1021 621/1/1021
f 623/279/1022 615/281/1022 614/280/1022
f 624/1/1023 616/1/1023 615/1/1023
f 609/1/1024 616/1/1024 624/1/1024
f 618/1/1025 617/1/1025 625/1/1025
f 619/1/1026 618/1/1026 626/1/1026
f 620/1/1027 619/1/1027 627/1/1027
f 621/1/1028 620/1/1028 628/1/1028
f 630/1/1029 622/1/1029 621/1/1029
f 631/1/1030 623/1/1030 622/1/1030
f 632/1/1031 624/1/1031 623/1/1031
f 617/1/1032 624/1/1032 632/1/1032
f 626/1/1033 625/1/1035 633/1/1034
f 627/1/1036 626/1/1038 634/1/1037
f 628/1/1039 627/1/1041 635/1/1040
f 629/1/1042 628/1/1044 636/1/1043
f 638/1/1045 630/1/1047 629/1/1046
f 639/1/1048 631/1/1050 630/1/1049
f 640/1/1051 632/1/1053 631/1/1052
f 633/1/1054 625/1/1056 632/1/1055
f 634/1/1057 633/1/1059 1/1/1058
f 635/1/1060 634/1/1062 2/1/1061
f 636/1/1063 635/1/1065 3/1/1064
f 637/1/1066 636/1/1068 4/1/1067
f 6/1/1069 638/1/1071 637/1/1070
f 7/1/1072 639/1/1074 638/1/1073
f 8/1/1075 640/1/1077 639/1/1076
f 1/1/1078 633/1/1080 640/1/1079
f 2/1/1 9/1/2 10/1/1081
f 3/1/4 10/1/5 11/1/1082
f 4/1/1083 11/1/27 12/1/25
f 5/1/8 12/1/9 13/1/1084
f 14/1/11 5/1/12 13/1/1085
f 15/2/14 6/3/15 14/8/1086
f 16/5/17 7/4/18 15/2/32
f 9/1/20 8/1/21 16/1/1087
f 10/1/1088 17/1/1088 18/1/1088
f 11/1/1089 18/1/1089 19/1/1089
f 12/1/1090 19/1/38 20/1/36
f 13/1/1091 20/1/1091 21/1/1091
f 14/1/1092 21/1/1092 22/1/1092
f 23/7/1093 14/8/1093 22/11/1093
f 24/9/1094 15/2/1094 23/7/1094
f 17/14/1095 16/5/1095 24/9/1095
f 18/1/1096 25/1/1096 26/1/1096
f 19/1/1097 26/1/1097 27/1/1097
f 20/1/1098 27/1/1098 28/1/1098
f 21/1/1099 28/1/1099 29/1/1099
f 22/1/1100 29/1/1100 30/1/1100
f 31/10/1101 22/11/1101 30/18/1101
f 32/12/1102 23/7/1102 31/10/1102
f 25/13/1103 24/9/1103 32/12/1103
f 26/15/1104 33/16/1104 34/20/1104
f 27/1/1105 34/1/1105 35/1/1105
f 28/1/1106 35/1/1106 36/1/1106
f 29/1/1107 36/1/1107 37/1/1107
f 30/1/1108 37/1/1108 38/1/1108
f 31/10/1109 38/17/1109 39/22/1109
f 40/19/1110 31/10/1110 39/22/1110
f 25/13/1111 40/19/1111 33/16/1111
f 34/20/1112 41/21/1112 42/25/1112
f 35/1/1113 42/1/1113 43/1/1113
f 36/1/1114 43/1/1114 44/1/1114
f 37/1/1115 44/1/1115 45/1/1115
f 38/1/1116 45/1/1116 46/1/1116
f 39/22/1117 46/23/1117 47/27/1117
f 48/24/1118 39/22/1118 47/27/1118
f 33/16/1119 48/24/1119 41/21/1119
f 42/25/1120 49/26/1120 50/30/1120
f 43/1/1121 50/1/1121 51/1/1121
f 44/1/1122 51/1/1122 52/1/1122
f 45/1/1123 52/1/1123 53/1/1123
f 46/1/1124 53/1/1124 54/1/1124
f 47/27/1125 54/28/1125 55/33/1125
f 56/29/1126 47/27/1126 55/33/1126
f 41/21/1127 56/29/1127 49/26/1127
f 50/30/1128 57/31/1128 58/35/1128
f 51/1/1129 58/1/1129 59/1/1129
f 52/1/1130 59/1/1130 60/1/1130
f 53/1/1131 60/1/1131 61/1/1131
f 54/1/1132 61/1/1132 62/1/1132
f 63/32/1133 54/28/1133 62/38/1133
f 64/34/1134 55/33/1134 63/32/1134
f 57/31/1135 56/29/1135 64/34/1135
f 58/35/1136 65/36/1136 66/40/1136
f 59/1/1137 66/1/1137 67/1/1137
f 60/1/1138 67/1/90 68/1/88
f 61/1/1139 68/1/1139 69/1/1139
f 62/38/1140 69/44/1140 70/42/1140
f 71/37/1141 62/38/1141 70/42/1141
f 72/39/96 63/32/1142 71/37/95
f 65/36/1143 64/34/1143 72/39/1143
f 66/40/1144 73/41/1144 74/47/1144
f 67/1/85 74/1/86 75/1/1145
f 68/1/1146 75/1/106 76/1/104
f 69/1/1147 76/1/1147 77/1/1147
f 70/42/1148 77/43/1148 78/50/1148
f 79/45/1149 70/42/1149 78/50/1149
f 80/46/116 71/37/1150 79/45/115
f 73/41/1151 72/39/1151 80/46/1151
f 74/47/98 81/48/99 82/53/1152
f 75/1/101 82/1/102 83/1/1153
f 76/1/1154 83/1/1154 84/1/1154
f 77/1/1155 84/1/1155 85/1/1155
f 86/49/108 77/43/109 85/56/1156
f 87/51/111 78/50/112 86/49/1157
f 88/52/1158 79/45/1158 87/51/1158
f 81/48/1159 80/46/1159 88/52/1159
f 82/1/118 89/1/119 90/1/1160
f 83/1/121 90/1/122 91/1/1161
f 84/1/124 91/1/125 92/1/1162
f 85/1/1163 92/1/1163 93/1/1163
f 94/55/128 85/56/129 93/60/1164
f 95/57/131 86/49/132 94/55/1165
f 96/58/1166 87/51/1166 95/57/1166
f 89/54/1167 88/52/1167 96/58/1167
f 90/1/136 97/1/137 98/1/1168
f 91/1/139 98/1/140 99/1/1169
f 92/1/142 99/1/143 100/1/1170
f 93/1/145 100/1/146 101/1/1171
f 102/59/148 93/60/149 101/65/1172
f 103/61/151 94/55/152 102/59/1173
f 104/62/154 95/57/155 103/61/1174
f 97/63/1175 96/58/1175 104/62/1175
f 98/1/158 105/1/159 106/1/1176
f 99/1/161 106/1/162 107/1/1177
f 100/1/164 107/1/165 108/1/1178
f 101/1/167 108/1/168 109/1/1179
f 110/64/170 101/65/171 109/70/1180
f 111/66/173 102/59/174 110/64/1181
f 112/67/176 103/61/177 111/66/1182
f 105/68/179 104/62/180 112/67/1183
f 106/1/182 113/1/183 114/1/1184
f 107/1/185 114/1/186 115/1/1185
f 108/1/188 115/1/189 116/1/1186
f 109/1/191 116/1/192 117/1/1187
f 118/69/194 109/70/195 117/75/1188
f 119/71/197 110/64/198 118/69/1189
f 120/72/200 111/66/201 119/71/1190
f 113/73/203 112/67/204 120/72/1191
f 114/1/206 121/1/207 122/1/1192
f 115/1/209 122/1/210 123/1/1193
f 116/1/212 123/1/213 124/1/1194
f 117/1/215 124/1/216 125/1/1195
f 126/74/218 117/75/219 125/80/1196
f 127/76/221 118/69/222 126/74/1197
f 128/77/1198 119/71/1198 127/76/1198
f 121/78/225 120/72/226 128/77/1199
f 122/1/228 129/1/229 130/1/1200
f 123/1/231 130/1/232 131/1/1201
f 124/1/1202 131/1/1202 132/1/1202
f 125/1/235 132/1/236 133/1/1203
f 134/79/238 125/80/238 133/85/1204
f 135/81/240 126/74/241 134/79/1205
f 136/82/1206 127/76/1206 135/81/1206
f 129/83/1207 128/77/1207 136/82/1207
f 130/1/245 137/1/246 138/1/1208
f 131/1/1209 138/1/1209 139/1/1209
f 132/1/1210 139/1/1210 140/1/1210
f 133/1/1211 140/1/1211 141/1/1211
f 142/84/251 133/85/252 141/89/1212
f 143/86/1213 134/79/1213 142/84/1213
f 144/87/1214 135/81/1214 143/86/1214
f 129/83/1215 144/87/1215 137/92/1215
f 138/1/257 145/1/258 146/1/1216
f 139/1/1217 146/1/1217 147/1/1217
f 140/1/1218 147/1/1218 148/1/1218
f 141/1/1219 148/1/1219 149/1/1219
f 150/88/1220 141/89/1220 149/94/1220
f 151/90/1221 142/84/1221 150/88/1221
f 152/91/1222 143/86/1222 151/90/1222
f 137/92/1223 152/91/1223 145/97/1223
f 146/1/1224 153/1/1224 154/1/1224
f 147/1/1225 154/1/1225 155/1/1225
f 148/1/1226 155/1/1226 156/1/1226
f 149/94/1227 156/100/1227 157/98/1227
f 158/93/1228 149/94/1228 157/98/1228
f 159/95/1229 150/88/1229 158/93/1229
f 160/96/1230 151/90/1230 159/95/1230
f 145/97/1231 160/96/1231 153/103/1231
f 154/1/1232 161/1/1232 162/1/1232
f 155/1/1233 162/1/1233 163/1/1233
f 156/1/1234 163/1/1234 164/1/1234
f 157/98/1235 164/99/1235 165/101/1235
f 158/93/1236 165/101/1236 166/106/1236
f 167/102/1237 158/93/1237 166/106/1237
f 160/96/1238 167/102/1238 168/104/1238
f 153/1/1239 168/1/1239 161/1/1239
f 162/1/1240 169/1/1240 170/1/1240
f 163/1/1241 170/1/1241 171/1/1241
f 164/1/1242 171/1/1242 172/1/1242
f 165/101/1243 172/105/1243 173/107/1243
f 166/106/1244 173/107/1244 174/110/1244
f 175/108/1245 166/106/1245 174/110/1245
f 168/104/1246 175/108/1246 176/113/1246
f 161/1/1247 176/1/1247 169/1/1247
f 170/1/1248 177/1/1248 178/1/1248
f 171/1/1249 178/1/1249 179/1/1249
f 172/1/1250 179/1/1250 180/1/1250
f 173/107/1251 180/109/1251 181/111/1251
f 174/110/1252 181/111/1252 182/115/1252
f 183/112/1253 174/110/1253 182/115/1253
f 176/113/1254 183/112/1254 184/118/1254
f 169/1/1255 184/1/1255 177/1/1255
f 178/1/1256 185/1/1256 186/1/1256
f 179/1/1257 186/1/1257 187/1/1257
f 180/1/1258 187/1/1258 188/1/1258
f 181/111/1259 188/114/1259 189/116/1259
f 182/115/1260 189/116/1260 190/121/1260
f 191/117/1261 182/115/1261 190/121/1261
f 184/118/1262 191/117/1262 192/124/1262
f 177/1/1263 192/1/1263 185/1/1263
f 186/1/1264 193/1/1264 194/1/1264
f 187/1/1265 194/1/1265 195/1/1265
f 188/1/1266 195/1/1266 196/1/1266
f 189/116/1267 196/119/1267 197/125/1267
f 198/120/1268 189/116/1268 197/125/1268
f 199/122/1269 190/121/1269 198/120/1269
f 200/123/1270 191/117/1270 199/122/1270
f 185/1/1271 200/1/1271 193/1/1271
f 194/1/1272 201/1/1272 202/1/1272
f 195/1/1273 202/1/1273 203/1/1273
f 196/1/1274 203/1/1274 204/1/1274
f 197/125/1275 204/126/1275 205/282/1275
f 206/127/1276 197/125/1276 205/282/1276
f 207/1/1277 198/1/1277 206/1/1277
f 208/1/1278 199/1/1278 207/1/1278
f 193/1/1279 208/1/1279 201/1/1279
f 202/1/323 209/1/324 210/1/1280
f 203/1/326 210/1/327 211/1/1281
f 204/1/329 211/1/330 212/1/1282
f 205/1/332 212/1/333 213/1/1283
f 214/1/335 205/1/336 213/1/1284
f 215/1/338 206/1/339 214/1/1285
f 216/1/341 207/1/342 215/1/1286
f 209/1/344 208/1/345 216/1/1287
f 210/1/347 217/1/348 218/1/1288
f 211/1/350 218/1/351 219/1/1289
f 212/1/353 219/1/354 220/1/1290
f 213/1/356 220/1/357 221/1/1291
f 222/1/359 213/1/360 221/1/1292
f 223/1/362 214/1/363 222/1/1293
f 224/1/365 215/1/366 223/1/1294
f 217/1/368 216/1/369 224/1/1295
f 218/1/371 225/1/372 226/1/1296
f 219/1/374 226/1/375 227/1/1297
f 220/1/1298 227/1/393 228/1/391
f 221/1/1299 228/1/1299 229/1/1299
f 230/1/379 221/1/380 229/1/1300
f 231/1/382 222/1/383 230/1/1301
f 232/1/385 223/1/386 231/1/398
f 225/1/1302 224/1/1302 232/1/1302
f 226/1/1303 233/1/1303 234/1/1303
f 227/1/1304 234/1/1304 235/1/1304
f 228/1/1305 235/1/1305 236/1/1305
f 229/130/1306 236/136/1306 237/129/1306
f 230/128/1307 237/129/1307 238/137/1307
f 239/131/1308 230/128/1308 238/137/1308
f 240/133/1309 231/132/1309 239/131/1309
f 233/1/1310 232/1/1310 240/1/1310
f 234/1/1311 241/1/1311 242/1/1311
f 235/1/1312 242/1/1312 243/1/1312
f 236/1/1313 243/1/1313 244/1/1313
f 237/129/1314 244/135/1314 245/138/1314
f 238/137/1315 245/138/1315 246/139/1315
f 239/131/1316 246/139/1316 247/143/1316
f 248/140/1317 239/131/1317 247/143/1317
f 233/1/1318 248/1/1318 241/1/1318
f 242/1/1319 249/1/1319 250/1/1319
f 243/1/1320 250/1/1320 251/1/1320
f 244/1/1321 251/1/1321 252/1/1321
f 245/138/1322 252/141/1322 253/142/1322
f 246/139/1323 253/142/1323 254/144/1323
f 247/143/1324 254/144/1324 255/148/1324
f 256/145/1325 247/143/1325 255/148/1325
f 241/1/1326 256/1/1326 249/1/1326
f 250/1/1327 257/1/1327 258/1/1327
f 251/1/1328 258/1/1328 259/1/1328
f 252/1/1329 259/1/1329 260/1/1329
f 253/142/1330 260/146/1330 261/147/1330
f 254/144/1331 261/147/1331 262/149/1331
f 255/148/1332 262/149/1332 263/154/1332
f 264/150/1333 255/148/1333 263/154/1333
f 249/1/1334 264/1/1334 257/1/1334
f 258/1/1335 265/1/1335 266/1/1335
f 259/1/1336 266/1/1336 267/1/1336
f 260/1/1337 267/1/1337 268/1/1337
f 261/147/1338 268/151/1338 269/152/1338
f 262/149/1339 269/152/1339 270/157/1339
f 271/153/1340 262/149/1340 270/157/1340
f 272/155/1341 263/154/1341 271/153/1341
f 257/1/1342 272/1/1342 265/1/1342
f 266/1/1343 273/1/1343 274/1/1343
f 267/1/1344 274/1/1344 275/1/1344
f 268/1/1345 275/1/1345 276/1/1345
f 269/152/1346 276/156/1346 277/158/1346
f 270/157/1347 277/158/1347 278/161/1347
f 279/159/1348 270/157/1348 278/161/1348
f 280/160/1349 271/153/1349 279/159/1349
f 273/1/1350 272/1/1350 280/1/1350
f 274/1/1351 281/1/1351 282/1/1351
f 275/1/1352 282/1/1352 283/1/1352
f 276/1/1353 283/1/453 284/1/452
f 277/1/1354 284/1/1354 285/1/1354
f 278/161/1355 285/162/1355 286/166/1355
f 287/163/1356 278/161/1356 286/166/1356
f 288/164/461 279/159/1357 287/163/460
f 281/1/1358 280/1/1358 288/1/1358
f 282/1/1359 289/1/1359 290/1/1359
f 283/1/449 290/1/450 291/1/1360
f 284/1/1361 291/1/1361 292/1/1361
f 285/1/1362 292/1/1362 293/1/1362
f 286/1/1363 293/1/1363 294/1/1363
f 295/165/456 286/166/457 294/169/1364
f 296/167/1365 287/163/1365 295/165/1365
f 289/1/1366 288/1/1366 296/1/1366
f 290/1/463 297/1/464 298/1/1367
f 291/1/466 298/1/467 299/1/1368
f 292/1/1369 299/1/1369 300/1/1369
f 293/1/1370 300/1/1370 301/1/1370
f 302/1/471 293/1/472 301/1/1371
f 303/1/474 294/1/474 302/1/474
f 304/170/1372 295/165/1372 303/168/1372
f 297/1/1373 296/1/1373 304/1/1373
f 298/1/478 305/1/479 306/1/1374
f 299/1/481 306/1/482 307/1/1375
f 300/1/484 307/1/485 308/1/1376
f 301/1/487 308/1/488 309/1/1377
f 310/1/490 301/1/491 309/1/490
f 311/1/493 302/1/494 310/1/1378
f 312/171/496 303/168/497 311/173/1379
f 305/175/1380 304/170/1380 312/171/1380
f 306/1/500 313/1/501 314/1/1381
f 307/1/503 314/1/504 315/1/1382
f 308/1/506 315/1/507 316/1/1383
f 309/1/509 316/1/510 317/1/1384
f 318/1/512 309/1/513 317/1/1385
f 319/1/515 310/1/516 318/1/1386
f 320/172/518 311/173/519 319/177/1387
f 313/174/1388 312/171/1388 320/172/1388
f 314/1/522 321/1/523 322/1/1389
f 315/1/525 322/1/526 323/1/1390
f 316/1/528 323/1/529 324/1/1391
f 317/1/531 324/1/532 325/1/1392
f 326/1/534 317/1/535 325/1/1393
f 327/1/537 318/1/538 326/1/1394
f 328/176/540 319/177/541 327/180/1395
f 321/178/543 320/172/544 328/176/1396
f 322/1/546 329/1/547 330/1/1397
f 323/1/549 330/1/550 331/1/1398
f 324/1/552 331/1/553 332/1/1399
f 325/1/555 332/1/556 333/1/1400
f 334/1/558 325/1/559 333/1/1401
f 335/1/561 326/1/562 334/1/1402
f 336/179/564 327/180/565 335/183/1403
f 329/181/567 328/176/568 336/179/1404
f 330/1/570 337/1/571 338/1/1405
f 331/1/573 338/1/574 339/1/1406
f 332/1/576 339/1/577 340/1/1407
f 333/1/579 340/1/580 341/1/1408
f 342/1/582 333/1/583 341/1/1409
f 343/1/585 334/1/586 342/1/1410
f 344/182/1411 335/183/1411 343/283/1411
f 337/1/1412 336/1/1412 344/1/1412
f 338/1/590 345/1/591 346/1/1413
f 339/1/593 346/1/594 347/1/1414
f 340/1/1415 347/1/1415 348/1/1415
f 341/1/1416 348/1/1416 349/1/1416
f 350/1/598 341/1/598 349/1/1417
f 351/1/600 342/1/601 350/1/1418
f 352/1/1419 343/1/1419 351/1/1419
f 345/1/1420 344/1/1420 352/1/1420
f 346/1/605 353/1/606 354/1/1421
f 347/1/1422 354/1/1422 355/1/1422
f 348/1/1423 355/1/1423 356/1/1423
f 349/1/1424 356/1/1424 357/1/1424
f 358/1/611 349/1/612 357/1/1425
f 359/1/1426 350/1/1426 358/1/1426
f 360/1/1427 351/1/1427 359/1/1427
f 345/1/1428 360/1/1428 353/1/1428
f 354/1/1429 361/1/1429 362/1/1429
f 355/1/1430 362/1/1430 363/1/1430
f 356/1/1431 363/1/1431 364/1/1431
f 357/1/1432 364/1/1432 365/1/1432
f 366/1/1433 357/1/1433 365/1/1433
f 367/1/1434 358/1/1434 366/1/1434
f 368/1/1435 359/1/1435 367/1/1435
f 353/1/1436 368/1/1436 361/1/1436
f 362/1/1437 369/1/1437 370/1/1437
f 363/1/1438 370/1/1438 371/1/1438
f 364/1/1439 371/1/1439 372/1/1439
f 365/1/1440 372/1/1440 373/1/1440
f 374/1/1441 365/1/1441 373/1/1441
f 375/1/1442 366/1/1442 374/1/1442
f 376/1/1443 367/1/1443 375/1/1443
f 361/1/1444 376/1/1444 369/1/1444
f 370/1/1445 377/1/1445 378/1/1445
f 371/1/1446 378/1/1446 379/1/1446
f 372/1/1447 379/1/1447 380/1/1447
f 373/1/1448 380/1/1448 381/1/1448
f 374/1/1449 381/1/1449 382/1/1449
f 383/1/1450 374/1/1450 382/1/1450
f 376/1/1451 383/1/1451 384/1/1451
f 369/1/1452 384/1/1452 377/1/1452
f 378/1/1453 385/1/1453 386/1/1453
f 379/1/1454 386/1/1454 387/1/1454
f 380/1/1455 387/1/1455 388/1/1455
f 381/1/1456 388/1/1456 389/1/1456
f 382/1/1457 389/1/1457 390/1/1457
f 391/1/1458 382/1/1458 390/1/1458
f 384/1/1459 391/1/1459 392/1/1459
f 377/1/1460 392/1/1460 385/1/1460
f 386/1/1461 393/1/1461 394/1/1461
f 387/1/1462 394/1/1462 395/1/1462
f 388/1/1463 395/1/1463 396/1/1463
f 389/1/1464 396/1/1464 397/1/1464
f 390/1/1465 397/1/1465 398/1/1465
f 399/1/1466 390/1/1466 398/1/1466
f 392/1/1467 399/1/1467 400/1/1467
f 385/1/1468 400/1/1468 393/1/1468
f 394/1/1469 401/1/1469 402/1/1469
f 395/1/1470 402/1/1470 403/1/1470
f 396/1/1471 403/1/1471 404/1/1471
f 397/1/1472 404/1/1472 405/1/1472
f 398/1/1473 405/1/1473 406/1/1473
f 407/1/1474 398/1/1474 406/1/1474
f 400/1/1475 407/1/1475 408/1/1475
f 393/1/1476 408/1/1476 401/1/1476
f 402/1/1477 409/1/1477 410/1/1477
f 403/1/1478 410/1/1478 411/1/1478
f 404/1/1479 411/1/1479 412/1/1479
f 405/1/1480 412/1/1480 413/1/1480
f 414/1/1481 405/1/1481 413/1/1481
f 415/1/1482 406/1/1482 414/1/1482
f 416/1/1483 407/1/1483 415/1/1483
f 401/1/1484 416/1/1484 409/1/1484
f 410/1/673 417/1/674 418/1/1485
f 411/1/676 418/1/677 419/1/1486
f 412/184/1487 419/185/1487 420/187/1487
f 413/1/680 420/1/681 421/1/1488
f 422/1/683 413/1/684 421/1/1489
f 423/1/686 414/1/687 422/1/1490
f 424/1/1491 415/1/1491 423/1/1491
f 409/1/1492 424/1/1492 417/1/1492
f 418/1/691 425/1/692 426/1/1493
f 419/1/694 426/1/695 427/1/1494
f 420/187/697 427/188/698 428/190/1495
f 421/189/700 428/190/701 429/192/1496
f 430/195/703 421/189/704 429/192/1497
f 431/1/706 422/1/707 430/1/1498
f 432/1/709 423/1/710 431/1/1499
f 425/1/712 424/1/713 432/1/1500
f 426/1/715 433/1/716 434/1/1501
f 427/1/718 434/1/719 435/1/1502
f 428/190/721 435/191/722 436/193/1503
f 429/192/724 436/193/725 437/197/1504
f 438/194/727 429/192/728 437/197/1505
f 439/201/730 430/195/731 438/194/1506
f 440/1/733 431/1/734 439/1/1507
f 433/1/736 432/1/737 440/1/1508
f 434/1/1509 441/1/1509 442/1/1509
f 435/1/1510 442/1/1510 443/1/1510
f 436/193/1511 443/196/751 444/198/749
f 437/197/1512 444/198/1512 445/199/1512
f 438/194/1513 445/199/1513 446/204/1513
f 447/200/1514 438/194/1514 446/204/1514
f 448/1/757 439/1/1515 447/1/756
f 441/1/1516 440/1/1516 448/1/1516
f 442/1/1517 449/1/1517 450/1/1517
f 443/1/1518 450/1/1518 451/1/1518
f 444/198/1519 451/202/1519 452/203/1519
f 445/199/1520 452/203/1520 453/205/1520
f 446/204/1521 453/205/1521 454/209/1521
f 455/206/1522 446/204/1522 454/209/1522
f 456/1/1523 447/1/1523 455/1/1523
f 449/1/1524 448/1/1524 456/1/1524
f 450/1/1525 457/1/1525 458/1/1525
f 451/1/1526 458/1/1526 459/1/1526
f 452/203/1527 459/207/1527 460/208/1527
f 453/205/1528 460/208/1528 461/210/1528
f 454/209/1529 461/210/1529 462/211/1529
f 455/206/1530 462/211/1530 463/215/1530
f 464/1/1531 455/1/1531 463/1/1531
f 449/1/1532 464/1/1532 457/1/1532
f 458/1/1533 465/1/1533 466/1/1533
f 459/1/1534 466/1/1534 467/1/1534
f 460/208/1535 467/212/1535 468/213/1535
f 461/210/1536 468/213/1536 469/214/1536
f 462/211/1537 469/214/1537 470/216/1537
f 463/215/1538 470/216/1538 471/220/1538
f 472/1/1539 463/1/1539 471/1/1539
f 457/1/1540 472/1/1540 465/1/1540
f 466/1/1541 473/1/1541 474/1/1541
f 467/1/1542 474/1/1542 475/1/1542
f 468/213/1543 475/217/1543 476/218/1543
f 469/214/1544 476/218/1544 477/219/1544
f 470/216/1545 477/219/1545 478/221/1545
f 471/220/1546 478/221/1546 479/226/1546
f 480/1/1547 471/1/1547 479/1/1547
f 465/1/1548 480/1/1548 473/1/1548
f 474/1/1549 481/1/1549 482/1/1549
f 475/1/1550 482/1/1550 483/1/1550
f 476/218/1551 483/222/1551 484/223/1551
f 477/219/1552 484/223/1552 485/224/1552
f 478/221/1553 485/224/1553 486/229/1553
f 487/225/1554 478/221/1554 486/229/1554
f 488/1/1555 479/1/1555 487/1/1555
f 473/1/1556 488/1/1556 481/1/1556
f 482/1/1557 489/1/1557 490/1/1557
f 483/1/1558 490/1/1558 491/1/1558
f 484/223/1559 491/227/1559 492/228/1559
f 485/224/1560 492/228/1560 493/230/1560
f 486/229/1561 493/230/1561 494/234/1561
f 495/231/1562 486/229/1562 494/234/1562
f 496/1/1563 487/1/1563 495/1/1563
f 489/1/1564 488/1/1564 496/1/1564
f 490/1/1565 497/1/1565 498/1/1565
f 491/1/1566 498/1/1566 499/1/1566
f 492/228/1567 499/232/813 500/233/811
f 493/230/1568 500/233/1568 501/235/1568
f 494/234/1569 501/235/1569 502/239/1569
f 503/236/1570 494/234/1570 502/239/1570
f 504/1/821 495/1/1571 503/1/820
f 497/1/1572 496/1/1572 504/1/1572
f 498/1/1573 505/1/1573 506/1/1573
f 499/1/808 506/1/809 507/1/808
f 500/233/1574 507/237/1574 508/238/1574
f 501/235/1575 508/238/1575 509/240/1575
f 502/239/1576 509/240/1576 510/245/1576
f 511/241/816 502/239/817 510/245/1577
f 512/1/1578 503/1/1578 511/1/1578
f 505/1/1579 504/1/1579 512/1/1579
f 506/1/823 513/1/824 514/1/1580
f 507/1/826 514/1/827 515/1/1581
f 508/238/1582 515/242/1582 516/243/1582
f 509/240/1583 516/243/1583 517/248/1583
f 518/244/831 509/240/832 517/248/1584
f 519/246/834 510/245/835 518/244/1585
f 520/1/1586 511/1/1586 519/1/1586
f 513/1/1587 512/1/1587 520/1/1587
f 514/1/839 521/1/840 522/1/1588
f 515/1/842 522/1/843 523/1/1589
f 516/243/845 523/247/846 524/249/1590
f 517/248/848 524/249/849 525/253/1591
f 526/250/851 517/248/852 525/253/1592
f 527/251/854 518/244/855 526/250/1593
f 528/1/857 519/1/858 527/1/1594
f 521/1/1595 520/1/1595 528/1/1595
f 522/1/861 529/1/862 530/1/1596
f 523/1/864 530/1/865 531/1/1597
f 524/249/867 531/252/868 532/254/1598
f 525/253/870 532/254/871 533/258/1599
f 534/255/873 525/253/874 533/258/1600
f 535/256/876 526/250/877 534/255/1601
f 536/1/879 527/1/880 535/1/1602
f 529/1/882 528/1/883 536/1/1603
f 530/1/885 537/1/886 538/1/1604
f 531/1/888 538/1/889 539/1/1605
f 532/254/891 539/257/892 540/259/1606
f 533/258/894 540/259/895 541/263/1607
f 542/260/897 533/258/898 541/263/1608
f 543/261/900 534/255/901 542/260/1609
f 544/1/903 535/1/904 543/1/1610
f 537/1/906 536/1/907 544/1/1611
f 538/1/909 545/1/910 546/1/1612
f 539/1/912 546/1/913 547/1/1613
f 540/259/915 547/262/916 548/264/1614
f 541/263/918 548/264/919 549/268/1615
f 550/265/921 541/263/922 549/268/1616
f 551/266/924 542/260/925 550/265/1617
f 552/1/927 543/1/928 551/1/1618
f 545/1/930 544/1/931 552/1/1619
f 546/1/933 553/1/934 554/1/1620
f 547/1/936 554/1/937 555/1/1621
f 548/264/1622 555/267/1622 556/269/1622
f 549/268/940 556/269/941 557/273/1623
f 558/270/943 549/268/944 557/273/1624
f 559/271/946 550/265/947 558/270/1625
f 560/1/1626 551/1/1626 559/1/1626
f 553/1/1627 552/1/1627 560/1/1627
f 554/1/951 561/1/952 562/1/1628
f 555/1/954 562/1/955 563/1/1629
f 556/269/1630 563/272/1630 564/274/1630
f 557/273/1631 564/274/1631 565/278/1631
f 566/275/959 557/273/960 565/278/1632
f 567/276/962 558/270/963 566/275/1633
f 568/1/1634 559/1/1634 567/1/1634
f 561/1/1635 560/1/1635 568/1/1635
f 562/1/967 569/1/968 570/1/1636
f 563/1/1637 570/1/1637 571/1/1637
f 564/1/1638 571/1/1638 572/1/1638
f 565/1/1639 572/1/1639 573/1/1639
f 574/1/1640 565/1/1640 573/1/1640
f 575/1/1641 566/1/1641 574/1/1641
f 576/1/1642 567/1/1642 575/1/1642
f 561/1/1643 576/1/1643 569/1/1643
f 570/1/1644 577/1/1644 578/1/1644
f 571/1/1645 578/1/1645 579/1/1645
f 572/1/1646 579/1/1646 580/1/1646
f 573/1/1647 580/1/1647 581/1/1647
f 582/1/1648 573/1/1648 581/1/1648
f 583/1/1649 574/1/1649 582/1/1649
f 584/1/1650 575/1/1650 583/1/1650
f 569/1/1651 584/1/1651 577/1/1651
f 578/1/1652 585/1/1652 586/1/1652
f 579/1/1653 586/1/1653 587/1/1653
f 580/1/1654 587/1/1654 588/1/1654
f 581/1/1655 588/1/1655 589/1/1655
f 590/1/1656 581/1/1656 589/1/1656
f 591/1/1657 582/1/1657 590/1/1657
f 592/1/1658 583/1/1658 591/1/1658
f 577/1/1659 592/1/1659 585/1/1659
f 586/1/1660 593/1/1660 594/1/1660
f 587/1/1661 594/1/1661 595/1/1661
f 588/1/1662 595/1/1662 596/1/1662
f 589/1/1663 596/1/1663 597/1/1663
f 590/1/1664 597/1/1664 598/1/1664
f 599/1/1665 590/1/1665 598/1/1665
f 592/1/1666 599/1/1666 600/1/1666
f 585/1/1667 600/1/1667 593/1/1667
f 594/1/1668 601/1/1668 602/1/1668
f 595/1/1669 602/1/1669 603/1/1669
f 596/1/1670 603/1/1670 604/1/1670
f 597/1/1671 604/1/1671 605/1/1671
f 598/1/1672 605/1/1672 606/1/1672
f 607/1/1673 598/1/1673 606/1/1673
f 600/1/1674 607/1/1674 608/1/1674
f 593/1/1675 608/1/1675 601/1/1675
f 602/1/1676 609/1/1676 610/1/1676
f 603/1/1677 610/1/1677 611/1/1677
f 604/1/1678 611/1/1678 612/1/1678
f 605/1/1679 612/1/1679 613/1/1679
f 606/1/1680 613/1/1680 614/1/1680
f 615/1/1681 606/1/1681 614/1/1681
f 608/1/1682 615/1/1682 616/1/1682
f 601/1/1683 616/1/1683 609/1/1683
f 610/1/1684 617/1/1684 618/1/1684
f 611/1/1685 618/1/1685 619/1/1685
f 612/1/1686 619/1/1686 620/1/1686
f 613/1/1687 620/1/1687 621/1/1687
f 614/1/1688 621/1/1688 622/1/1688
f 623/279/1689 614/280/1689 622/284/1689
f 624/1/1690 615/1/1690 623/1/1690
f 609/1/1691 624/1/1691 617/1/1691
f 618/1/1692 625/1/1692 626/1/1692
f 619/1/1693 626/1/1693 627/1/1693
f 620/1/1694 627/1/1694 628/1/1694
f 621/1/1695 628/1/1695 629/1/1695
f 630/1/1696 621/1/1696 629/1/1696
f 631/1/1697 622/1/1697 630/1/1697
f 632/1/1698 623/1/1698 631/1/1698
f 617/1/1699 632/1/1699 625/1/1699
f 626/1/1033 633/1/1034 634/1/1700
f 627/1/1036 634/1/1037 635/1/1701
f 628/1/1039 635/1/1040 636/1/1702
f 629/1/1042 636/1/1043 637/1/1703
f 638/1/1045 629/1/1046 637/1/1704
f 639/1/1048 630/1/1049 638/1/1705
f 640/1/1051 631/1/1052 639/1/1706
f 633/1/1054 632/1/1055 640/1/1707
f 634/1/1057 1/1/1058 2/1/1708
f 635/1/1060 2/1/1061 3/1/1709
f 636/1/1063 3/1/1064 4/1/1710
f 637/1/1066 4/1/1067 5/1/1711
f 6/1/1069 637/1/1070 5/1/1712
f 7/1/1072 638/1/1073 6/1/1713
f 8/1/1075 639/1/1076 7/1/1714
f 1/1/1078 640/1/1079 8/1/1715
